-- phpMyAdmin SQL Dump
-- version 4.9.7
-- https://www.phpmyadmin.net/
--
-- Hôte : localhost:3306
-- Généré le : jeu. 12 mai 2022 à 05:28
-- Version du serveur :  10.3.34-MariaDB-cll-lve
-- Version de PHP : 7.3.33

SET SQL_MODE = "NO_AUTO_VALUE_ON_ZERO";
SET AUTOCOMMIT = 0;
START TRANSACTION;
SET time_zone = "+00:00";


/*!40101 SET @OLD_CHARACTER_SET_CLIENT=@@CHARACTER_SET_CLIENT */;
/*!40101 SET @OLD_CHARACTER_SET_RESULTS=@@CHARACTER_SET_RESULTS */;
/*!40101 SET @OLD_COLLATION_CONNECTION=@@COLLATION_CONNECTION */;
/*!40101 SET NAMES utf8mb4 */;

--
-- Base de données : `c1692386c_adraappgestions`
--

-- --------------------------------------------------------

--
-- Structure de la table `agents`
--

CREATE TABLE `agents` (
  `id` bigint(20) UNSIGNED NOT NULL,
  `numProjet` varchar(191) COLLATE utf8mb4_unicode_ci DEFAULT NULL,
  `nom` varchar(191) COLLATE utf8mb4_unicode_ci NOT NULL,
  `postnom` varchar(191) COLLATE utf8mb4_unicode_ci DEFAULT NULL,
  `prenom` varchar(191) COLLATE utf8mb4_unicode_ci DEFAULT NULL,
  `sexe` varchar(191) COLLATE utf8mb4_unicode_ci NOT NULL,
  `telephone` varchar(191) COLLATE utf8mb4_unicode_ci DEFAULT NULL,
  `lieuNaissance` varchar(191) COLLATE utf8mb4_unicode_ci DEFAULT NULL,
  `dateNaissance` varchar(191) COLLATE utf8mb4_unicode_ci DEFAULT NULL,
  `etatCivil` varchar(191) COLLATE utf8mb4_unicode_ci DEFAULT NULL,
  `email` varchar(191) COLLATE utf8mb4_unicode_ci DEFAULT NULL,
  `NumCarteIdentite` varchar(191) COLLATE utf8mb4_unicode_ci DEFAULT NULL,
  `nationalite` varchar(191) COLLATE utf8mb4_unicode_ci DEFAULT NULL,
  `adresseResidence` varchar(191) COLLATE utf8mb4_unicode_ci DEFAULT NULL,
  `NumCompteBancaire` varchar(191) COLLATE utf8mb4_unicode_ci DEFAULT NULL,
  `projet_id` bigint(20) UNSIGNED NOT NULL,
  `fonction` varchar(191) COLLATE utf8mb4_unicode_ci DEFAULT NULL,
  `lieuAffectation` varchar(191) COLLATE utf8mb4_unicode_ci DEFAULT NULL,
  `dateDebut` varchar(191) COLLATE utf8mb4_unicode_ci DEFAULT NULL,
  `dateFinPrevue` varchar(191) COLLATE utf8mb4_unicode_ci DEFAULT NULL,
  `DateFinEffective` varchar(191) COLLATE utf8mb4_unicode_ci DEFAULT NULL,
  `DureeContratMois` varchar(191) COLLATE utf8mb4_unicode_ci DEFAULT NULL,
  `DureeContratJour` varchar(191) COLLATE utf8mb4_unicode_ci DEFAULT NULL,
  `status` varchar(191) COLLATE utf8mb4_unicode_ci DEFAULT NULL,
  `salaires` varchar(191) COLLATE utf8mb4_unicode_ci DEFAULT NULL,
  `user_id` bigint(20) UNSIGNED NOT NULL,
  `created_at` timestamp NULL DEFAULT NULL,
  `updated_at` timestamp NULL DEFAULT NULL
) ENGINE=MyISAM DEFAULT CHARSET=utf8mb4 COLLATE=utf8mb4_unicode_ci;

--
-- Déchargement des données de la table `agents`
--

INSERT INTO `agents` (`id`, `numProjet`, `nom`, `postnom`, `prenom`, `sexe`, `telephone`, `lieuNaissance`, `dateNaissance`, `etatCivil`, `email`, `NumCarteIdentite`, `nationalite`, `adresseResidence`, `NumCompteBancaire`, `projet_id`, `fonction`, `lieuAffectation`, `dateDebut`, `dateFinPrevue`, `DateFinEffective`, `DureeContratMois`, `DureeContratJour`, `status`, `salaires`, `user_id`, `created_at`, `updated_at`) VALUES
(5, '2087530545', 'LONGE', 'OMASUMBU', 'ETIENNE', 'masculin', '+2433515655', 'LUBUMBASHI', '1979-11-10', 'marie', 'longe@adradrcongo.org', NULL, 'CONGOLAISE', 'AV/ MARINE, N° 72, Q/ UPN, C/ NGALIEMA', NULL, 2, 'DIRECTEUR NATIONAL', 'KINSHASA', '2020-01-02', '2022-12-31', '2022-12-31', '36', NULL, 'en cours', 'undefined undefined', 6, '2022-03-23 05:49:08', '2022-03-23 10:31:37'),
(6, '154775565', 'MATONDO', 'MUYENGE', 'MATHY', 'feminin', '+243814179770', 'KIMPESE', '1966-11-19', 'marie', 'Mathy@adradrcongo.org', '20240221830', 'CONGOLAISE', 'AV/ KINGATOKO, Q/ MITENDI, C/ MONT-NGAFULA', NULL, 2, 'HR MANAGER', 'KINSHASA', '2022-01-10', '2022-12-31', '2022-12-31', '11', '21', 'en cours', 'US undefined undefined undefined', 7, '2022-03-23 07:00:46', '2022-03-23 10:43:49'),
(7, '136167454', 'GUSHIMANA', 'MANDJOLO', 'GUY', 'masculin', NULL, 'KINSHASA', '1982-07-19', 'marie', NULL, '20073635693', 'CONGOLAISE', 'AV/ MANGE N° 25A, Q/ PLATEAU I, C/ MONT-NGAFULA', NULL, 2, 'PROGRAM MANAGER', 'KINSHASA', '2022-01-01', '2022-12-31', '2022-12-31', '12', NULL, 'en cours', 'US undefined', 8, '2022-03-23 10:58:44', '2022-03-23 11:00:52'),
(8, '1403786892', 'BIOMANA', 'WA BIANGUNGI', 'RICHARD', 'masculin', NULL, NULL, '1980-09-06', 'marie', NULL, NULL, 'CONGOLAISE', NULL, NULL, 2, 'OPERATIONS MANAGER', 'KINSHASA', '2022-01-01', '2022-12-31', '2022-12-31', '12', NULL, 'en cours', 'US', 9, '2022-03-23 11:11:03', '2022-03-23 11:11:03'),
(9, '1414425783', 'MUNYABARENZI', 'MBIZI', 'SIMON', 'masculin', '+243811607166', 'BURAMO', '1968-05-25', 'marie', NULL, '20079605197', 'CONGOLAISE', 'AV/ NTELA N° 08, Q/ MBALA, C/ SELEMBAO', NULL, 2, 'COMPTABLE/CAISSIER', 'KINSHASA', '2022-01-10', '2022-12-31', '2022-12-31', '11', '21', 'en cours', 'US undefined', 10, '2022-03-23 11:21:42', '2022-03-24 05:47:40'),
(10, '1538636178', 'UWAMAHORO', 'BIZIMANA', 'ANGELIQUE', 'feminin', '+243823951096', 'BUGURI', '1981-08-13', 'marie', 'angel@adradrcongo.org', '20078206707', 'CONGOLAISE', 'AV/ NTELA N° 08, Q/ MBALA, C/ SELEMBAO', NULL, 2, 'ASSISTANTE RH', 'KINSHASA', '2022-01-10', '2022-12-31', '2022-12-31', '11', '21', 'en cours', 'US', 11, '2022-03-23 11:38:17', '2022-03-23 11:38:17'),
(11, '1914797683', 'TSHITADI', 'NAPITA', 'SYLVA', 'masculin', '+243820980076', 'KANANGA', '1980-01-16', 'marie', NULL, '20059632110', 'CONGOLAISE', 'AV/ WANET N° 05 BIS, Q/ BADIADINGI, C/ SELEMBAO', NULL, 2, 'CHAUFFEUR', 'KINSHASA', '2022-01-12', '2022-12-31', '2022-12-31', '11', '20', 'en cours', 'US', 12, '2022-03-23 11:48:43', '2022-03-23 11:48:43'),
(12, '1604546234', 'FASO', 'SHINDANI', 'FABRICE', 'masculin', '+2438198801459', 'KINSHASA', '1989-11-11', 'marie', 'fabricefaso2014@gmail.com', '20080615277', 'CONGOLAISE', 'AV/ HAUT CONGO, N° 17 BIS, Q/ NGOMBA KINKUSA, C/ NGALIEMA', NULL, 2, 'DRIVER (SENIOR)', 'KINSHASA', '2022-01-01', '2022-12-31', '2022-12-31', '12', NULL, 'en cours', 'US', 13, '2022-03-23 12:00:49', '2022-03-23 12:00:49'),
(13, '781469031', 'LUVUNGU', 'KONDI', 'DELVIS', 'masculin', '+243825610071', 'KINSHASA', '1988-12-24', 'celibataire', NULL, '20083239158', 'CONGOLAISE', 'AV/ KIMPE N° 22, Q/ PUNDA, C/ NGALIEMA', NULL, 2, 'AGENT DE MAINTENANCE', 'KINSHASA', '2022-03-10', '2022-12-31', '2022-12-31', '11', '21', 'en cours', 'US', 14, '2022-03-23 12:20:57', '2022-03-23 12:20:57'),
(14, '867304205', 'DIASIKILA', 'KINKELA', 'MIRVIE', 'feminin', '+243824555170', 'KINSHASA', '1987-08-14', 'marie', 'mirviekinkelazaneti@gmail.com', '20098214462', 'CONGOLAISE', 'AV/ BILELA, N° 31, Q/ UPN, C/ NGALIEMA', NULL, 2, 'ASSSISTANT DIRECTORS OFFICE', 'KINSHASA', '2022-01-05', '2022-12-31', '2022-12-31', '11', '26', 'en cours', 'Franc', 15, '2022-03-23 12:33:47', '2022-03-23 12:33:47'),
(15, '97347867', 'DIHO', 'YENGOLA', 'ERIC', 'masculin', '+243816861237', 'KINSHASA', '1981-02-06', 'marie', NULL, '20029229900', 'CONGOLAISE', 'AV/ TELECOM, N° 17, Q/ MITENDIN, C/ MONT-NGAFULA', NULL, 2, 'LOGISTICIEN', 'KINSHASA', '2022-01-10', '2022-12-31', '2022-12-31', '11', '21', 'en cours', 'US', 16, '2022-03-23 12:48:50', '2022-03-23 12:48:50'),
(16, '877707724', 'BUSAKI', 'MATUMBA', 'PIERRE', 'masculin', '+243818152165', 'KINSHASA', '1970-10-23', 'marie', 'jpbusaki@gmail.com', NULL, 'CONGOLAISE', 'AV/ MAYILA, N°08, Q/ PIGEON, C/ NGALIEMA', NULL, 2, 'ADMIN ACCOUNTANT', 'KINSHASA', '2022-01-10', '2022-12-31', '2022-12-31', '11', '21', 'en cours', 'US', 17, '2022-03-23 13:23:14', '2022-03-23 13:23:14'),
(17, '1369277460', 'MAYILA', 'KINDA', 'DINA', 'feminin', '+243829853388', 'BALAKA', '1984-11-11', 'marie', NULL, '20097425859', 'CONGOLAISE', 'AV/ TAKIZALA, N°42, Q/BUMBA, C/NGALIEMA', NULL, 2, 'CUISINIERE', 'KINSHASA', '2022-01-10', '2022-12-31', '2022-12-31', '11', '21', 'en cours', 'US', 18, '2022-03-23 14:00:44', '2022-03-23 14:00:44'),
(18, '836226729', 'MUSHIYA', 'TSHIMANGA', 'ELYSEE', 'feminin', '+243821728967', 'KANANGA', '1991-02-20', 'celibataire', 'elysee@adradrcongo.org', '20235650920', 'CONGOLAISE', 'AV/ VENDE N°16, Q/INDUSTRIEL 7ème RUE, C/LIMETE', NULL, 2, 'COMMUNICATION AND ADVOCACY OFFICER', 'KINSHASA', '2022-01-10', '2022-12-31', '2022-12-31', '11', '21', 'en cours', 'US', 19, '2022-03-23 14:09:10', '2022-03-23 14:09:10'),
(19, '725546054', 'MATA', 'MAKWALA', 'FABRICE', 'masculin', NULL, NULL, NULL, 'marie', NULL, NULL, 'CONGOLAISE', NULL, NULL, 2, 'DEPUTY NUTRITION TECHNICAL ADVISOR', 'KINSHASA', '2022-01-10', '2022-03-24', '2022-03-15', '11', '21', 'terminé', 'US undefined undefined', 20, '2022-03-23 14:18:25', '2022-04-20 04:53:45'),
(20, '520053953', 'TSUMBU', 'SAMBIANDI', 'CHARLES', 'masculin', '+243814460155', 'KIZU', '1959-02-02', 'marie', 'charles@adradrcongo.org', '20071811132', 'CONGOLAISE', 'AV/ PAY N° 52, Q/ PLATEAU I, C/MONT-NGAFULA', NULL, 2, 'INTERNAL AUDITOR', 'KINSHASA', '2022-01-10', '2022-12-31', '2022-12-31', '11', '21', 'en cours', 'US', 21, '2022-03-23 14:27:41', '2022-03-23 14:27:41'),
(21, '218093692', 'LUFUMBWA', 'BALILO', 'CLEMENT', 'masculin', '+243814316987', 'NYUNZU', '1981-06-11', 'marie', 'balilo@adradrcongo.org', NULL, 'CONGOLAISE', '8, AV/ 3ème CHAUSSE, 17ème RUE, C/LIMETE', NULL, 2, 'COORDINATOR EMERGENCY PROGRAM', 'KINSHASA', '2022-01-10', '2022-12-31', '2022-12-31', '11', '21', 'en cours', 'US', 22, '2022-03-23 14:40:14', '2022-03-23 14:40:14'),
(23, '1459654629', 'MUTHENYA', 'MUNYAO', 'JAMES', 'masculin', '+243821344143', 'KENYA', '1988-12-12', 'celibataire', 'katuthe09@gmail.com', NULL, 'KENYAN', NULL, NULL, 2, 'FINANCE MANAGER', 'KINSHASA', '2022-01-10', '2022-12-31', '2022-12-31', '11', '21', 'en cours', 'USD', 24, '2022-03-28 07:53:18', '2022-03-28 07:53:18'),
(24, '1864960332', 'KENGE', 'NDALA', 'EUNICE', 'feminin', '+243816051780', 'KINSHASA', '1976-05-01', 'marié(e)', NULL, '20082406220', 'CONGOLAISE', 'AV/ KINSIONA N° 04, Q/ BUMBA, C/ NGALIEMA', NULL, 2, 'NUTRITION PROGRAM ADVISOR', 'KINSHASA', '2022-01-10', '2022-12-31', '2022-12-31', '11', '21', 'en cours', 'USD', 25, '2022-03-28 08:03:30', '2022-03-28 08:03:30'),
(25, '1696272327', 'BULA', 'MUNDJIBWA', 'JACQUES', 'masculin', '+243822466809', 'TSHIKAPA', '1996-11-19', 'celibataire', 'jacquesbula@gmail.com', NULL, 'CONGOLAISE', '239, Av. BUTA, Q. 30 JUIN, C. LIGWALA', NULL, 2, 'CHARGE DE PROPRETE', 'KINSHASA', '2022-01-05', '2022-12-31', '2022-12-31', '11', '26', 'en cours', 'USD', 26, '2022-03-28 08:10:19', '2022-03-28 08:10:19'),
(26, '1778371209', 'MBIYA', 'LUBAMBA', 'MIREILLE', 'feminin', '+243822676585', 'KINSHASA', '1983-04-29', 'marié(e)', 'mbiyamirador@yahoo.fr', '20023413527', 'CONGOLAISE', '30, AV. BENZENGE, Q. MACAMPAGNE, C. NGALIEMA', NULL, 2, 'RECEPTIONNISTE', 'KINSHASA', '2022-01-05', '2022-12-31', '2022-12-31', '11', '26', 'en cours', 'USD', 27, '2022-03-28 08:17:54', '2022-03-28 08:17:54'),
(27, '1561456652', 'KATULA', 'NGOMBE', 'SALOMON', 'masculin', '+243823182313', 'KINSHASA', '1992-10-01', 'celibataire', 'salomon@adradrcongo.org', NULL, 'CONGOLAISE', '28, AV. UBANGI, Q. RIGHINI, C. LEMBA', NULL, 2, 'IT COMMUNICATION ASSISTANT', 'KINSHASA', '2022-01-10', '2022-03-21', '2022-03-21', '11', '21', 'en cours', 'USD undefined', 28, '2022-03-28 08:24:59', '2022-05-03 06:03:25'),
(28, '1458431745', 'AWEY', 'DINGANGA', 'JOLIE', 'feminin', '+243813202190', 'KINSHASA', '1976-03-23', 'marié(e)', 'jolialove2011@gmail.com', '20053416617', 'CONGOLAISE', '07, AV. NOWA, Q. MITENDI, C. MONT-NGAFULA', NULL, 2, 'NUTRITION PROGRAM ASSISTANT', 'KINSHASA', '2022-01-10', '2022-12-31', '2022-12-31', '11', '21', 'en cours', 'USD', 29, '2022-03-28 08:32:06', '2022-03-28 08:32:06'),
(29, '47202137', 'TOKMA', 'FREDDY', 'FIDELE', 'masculin', NULL, NULL, NULL, 'marié(e)', NULL, NULL, 'CONGOLAISE', NULL, NULL, 2, 'ACCOUNTANT', 'KINSHASA', '2022-01-10', '2022-12-31', '2022-12-31', '11', '21', 'en cours', 'USD', 30, '2022-03-28 08:35:56', '2022-03-28 08:35:56'),
(31, '874199914', 'TUMUABUDU', 'KABASHA', 'DANIEL', 'masculin', '+243814800619', 'KINSHASA', '1990-07-22', 'marié(e)', 'kabashadaniel@gmail.com', '22130316856', 'CONGOLAISE', '121, AV. LUVUA, KINSHASA TOWNSHIP-KINSHASA', NULL, 2, 'ARCHIVISTE', 'KINSHASA', '2022-01-10', '2022-12-31', '2022-12-31', NULL, NULL, 'en cours', 'USD', 32, '2022-03-28 09:08:50', '2022-03-28 09:08:50'),
(32, '967772360', 'KAPIA', 'MUKADIA', 'NICOLE', 'masculin', '+243822279832', 'MBUJI MAYI', '1994-09-13', 'celibataire', NULL, '20204234558', 'CONGOLAISE', NULL, NULL, 2, 'CUISINIERE', 'KINSHASA', '2022-01-10', '2022-12-31', '2022-12-31', '11', '21', 'en cours', 'USD', 33, '2022-03-28 09:16:30', '2022-03-28 09:16:30'),
(33, '173591613', 'KEROSI', 'ONYAMBU', 'SAMUEL', 'masculin', NULL, 'NAIROBI', '1993-12-05', 'celibataire', NULL, 'A2370873', 'KENYAN', NULL, NULL, 2, 'COMPTABLE/CAISSIER', 'KINSHASA', '2022-01-10', '2022-12-31', '2022-12-31', '11', '21', 'en cours', 'USD', 34, '2022-03-28 09:19:24', '2022-03-28 09:19:24'),
(34, '1880408973', 'DJOUMBI', 'WANSI', 'HERMAN', 'masculin', NULL, 'BAFOUSSAM', '2022-06-10', 'celibataire', NULL, '09118981', 'COMEROUNAISE', NULL, NULL, 2, 'COMPTABLE/CAISSIER', 'KINSHASA', '2022-01-10', '2022-12-31', '2022-12-31', '11', '21', 'en cours', 'USD', 35, '2022-03-28 09:23:09', '2022-03-28 09:23:09'),
(35, '1588462297', 'MWANJE', 'MWANDO', 'GILBERT', 'masculin', NULL, NULL, NULL, 'marié(e)', NULL, NULL, NULL, NULL, NULL, 2, 'SENIOR ACCOUNTANT', 'KINSHASA', '2022-01-10', '2022-12-31', '2022-12-31', '11', '21', 'en cours', 'USD', 36, '2022-03-28 09:27:08', '2022-03-28 09:27:08'),
(36, '1609849090', 'KIABALA', 'NGOMA', 'NADEGE', 'feminin', NULL, 'KINSHASA', '1995-03-03', 'celibataire', NULL, '20099244754', 'CONGOLAISE', NULL, NULL, 2, 'CHARGE DE PROPRETE/CUISINIERE', 'KINSHASA', '2022-01-18', '2022-03-31', '2022-03-31', '2', '14', 'en cours', 'USD undefined', 37, '2022-03-28 09:32:14', '2022-04-06 06:23:34'),
(37, '1089237494', 'BOEMBI', 'LIYOKO', 'FRANCK', 'masculin', NULL, 'BASANKUSU', '1982-12-27', 'marié(e)', NULL, NULL, 'CONGOLAISE', NULL, NULL, 2, 'HEALTH/WASH TECHNICAL', 'KINSHASA', '2022-01-10', '2022-12-31', '2022-12-31', '11', '21', 'en cours', 'USD', 38, '2022-03-28 09:40:18', '2022-03-28 09:40:18'),
(38, '320429063', 'PINDUKA', 'NAKASILA', 'JUNIOR', 'masculin', '+243821239294', 'TEMBO', '1986-08-18', 'marié(e)', NULL, NULL, 'CONGOLAISE', NULL, NULL, 2, 'CHAUFFEUR', 'KINSHASA', '2022-01-10', '2022-12-31', '2022-12-31', '11', '21', 'en cours', 'USD', 39, '2022-03-28 09:43:20', '2022-04-11 18:35:04'),
(39, '2073601941', 'BYAMUNGU', 'MBALE', 'JUSTIN', 'masculin', '+243853728889', 'BUKAVU', '1986-12-12', 'marie', 'justinbyamungut@gmail.com', 'OP0335934', 'CONGOLAISE', NULL, NULL, 16, 'CHEF DE PROJET', 'KINSHASA', '2021-11-01', '2022-04-30', '2022-04-30', '5', NULL, 'terminé', 'USD undefined undefined', 40, '2022-03-28 09:56:44', '2022-04-29 11:00:58'),
(40, '2085777207', 'MPIANA', 'KENABABU', 'CHARLY', 'masculin', '+243824111669', 'KINSHASA', '1992-07-09', 'celibataire', 'mpianacharly@gmail.com', '20223435751', 'CONGOLAISE', NULL, NULL, 16, 'SUPERVISEUR', 'KINSHASA', '2021-11-01', '2022-03-31', '2022-03-31', '5', NULL, 'terminé', 'USD', 41, '2022-03-28 10:04:01', '2022-04-20 04:14:05'),
(41, '1856525633', 'MBUYU', 'KABONGO', 'ERIC', 'masculin', NULL, NULL, NULL, 'marie', NULL, NULL, NULL, NULL, NULL, 3, 'CHEF DE PROJET', 'KALEMIE TANGANYIKA', '2021-11-18', '2022-10-04', '2022-10-04', '12', NULL, 'en cours', 'USD undefined undefined', 42, '2022-03-28 10:22:23', '2022-03-28 10:52:09'),
(42, '427117482', 'IRENGE', 'ISINGA', 'KENNEDY', 'masculin', NULL, NULL, NULL, 'marié(e)', NULL, NULL, NULL, NULL, NULL, 3, 'MEDECIN SUPERVISEUR', 'MBULULUA/TANGANYIKA', '2021-11-18', '2022-10-04', '2022-10-04', '12', NULL, 'en cours', 'USD', 43, '2022-03-28 10:24:42', '2022-03-28 10:24:42'),
(47, '1958476367', 'KANDA', 'DISSI', 'JONATHAN', 'masculin', NULL, NULL, NULL, 'marié(e)', NULL, NULL, NULL, NULL, NULL, 3, 'LOGISTICIEN', 'KALEMIE/TANGANYIKA', '2021-11-18', '2022-10-04', '2022-10-04', '12', NULL, 'en cours', 'USD', 48, '2022-03-28 11:02:29', '2022-03-28 11:02:29'),
(48, '925337936', 'KANDOLO', 'OMASUMBU', 'ERIC', 'masculin', NULL, NULL, NULL, 'marié(e)', NULL, NULL, 'CONGOLAISE', NULL, NULL, 5, 'POINT FOCAL CLUSTER SECAL', 'TSHIKAPA', '2022-03-01', '2022-12-31', '2022-12-31', '10', NULL, 'en cours', 'USD', 49, '2022-03-29 08:19:42', '2022-03-29 08:19:42'),
(49, '1887543291', 'WUNGUDI', 'LUSHIDI', 'WILLIAM', 'masculin', NULL, 'LUBUMBASHI', '1988-11-28', 'marié(e)', NULL, '22561759644', 'CONGOLAISE', NULL, NULL, 6, 'CHEF DE PROJET', 'KISANGANI', '2021-11-01', '2022-04-14', '2022-04-14', '5', '14', 'en cours', 'USD', 50, '2022-03-29 08:25:56', '2022-03-29 08:25:56'),
(50, '841643342', 'NSIMIRE', 'LINDA', 'EVANGELINE', 'feminin', NULL, 'MWESO', '1988-02-22', 'celibataire', NULL, '22347728165', 'CONGOLAISE', NULL, NULL, 6, 'SUPERVISEUR TECHNIQUES DES ACTIVITES', 'KISANGANI', '2021-11-01', '2022-04-14', '2022-04-14', '5', '14', 'en cours', 'USD', 51, '2022-03-29 09:26:29', '2022-03-29 09:26:29'),
(51, '556137655', 'WONGO', 'OMEDJI', 'JOHN', 'masculin', NULL, 'KALEMIE', '1982-08-05', 'marié(e)', NULL, '23062981363', 'CONGOLAISE', NULL, NULL, 6, 'SUPERVISEUR TECHNIQUES DES ACTIVITES', 'KISANGANI', '2021-11-01', '2022-04-14', '2022-04-14', NULL, NULL, 'en cours', 'USD', 52, '2022-03-29 10:28:10', '2022-03-29 10:28:10'),
(52, '1953079538', 'KUSUALA', 'FASO', 'CEDRICK', 'masculin', NULL, 'KINSHASA', '1990-09-08', 'marié(e)', NULL, '21127862031', 'CONGOLAISE', NULL, NULL, 6, 'ASSISTANT ADMIN ET FINANCIER', 'KISANGANI', '2021-11-01', '2022-04-14', '2022-04-14', '5', '14', 'en cours', 'USD', 53, '2022-03-29 12:01:25', '2022-03-29 12:01:25'),
(53, '2136300537', 'MUTENDA', '--', 'SHERIA', 'masculin', NULL, 'KIMWANGA', '1991-11-15', 'celibataire', NULL, '200926458850', 'CONGOLAISE', NULL, NULL, 6, 'CAISSIER', 'KISANGANI', '2021-11-01', '2022-04-14', '2022-04-14', '5', '14', 'en cours', 'USD', 54, '2022-03-29 12:04:38', '2022-03-29 12:04:38'),
(54, '1192815369', 'KASEREKA', 'KITAMULIKO', 'WILLIAM MILLER', 'masculin', NULL, NULL, '1986-10-17', 'marié(e)', NULL, '22354159970', 'CONGOLAISE', NULL, NULL, 6, 'CHAUFFEUR', 'KISANGANI', '2021-11-01', '2022-04-14', '2022-04-14', '5', '14', 'en cours', 'USD', 55, '2022-03-29 12:08:09', '2022-03-29 12:08:09'),
(55, '1200985146', 'KAVUHO', 'MUSEMA', 'SIFA', 'feminin', '+243999768419', 'LUBUMBASHI', '1985-06-28', 'celibataire', NULL, NULL, 'CONGOLAISE', NULL, NULL, 6, 'CHARGE DE PROPRETE', 'KISANGANI', '2021-11-01', '2022-04-14', '2022-04-14', '5', '14', 'en cours', 'USD undefined', 56, '2022-03-29 13:04:26', '2022-03-29 13:07:37'),
(56, '1826862866', 'LIMBAYA', 'SIMBA', 'FRANCK', 'masculin', '+243829818994', 'KISANGANI', '1987-12-17', 'marie', NULL, NULL, NULL, NULL, NULL, 6, 'GARDIEN', 'KISANGANI', '2021-11-01', '2022-04-14', '2022-04-14', '5', '14', 'en cours', 'USD undefined', 57, '2022-03-29 13:06:50', '2022-03-29 13:08:09'),
(57, '734930528', 'BOMBILO', 'LONGO', 'TRESOR', 'masculin', NULL, 'MBANDAKA', '1983-09-04', 'marie', NULL, '21127258516', 'CONGOLAISE', NULL, NULL, 7, 'CHEF DE PROJET', 'SALAMABILA/MANIEMA', '2021-09-14', '2022-08-31', '2022-08-31', '11', '15', 'en cours', 'USD undefined', 58, '2022-03-29 13:22:01', '2022-03-29 13:22:36'),
(58, '80815570', 'DIKALA', 'MABIZA', 'DELICIEUX', 'masculin', NULL, 'MATADI', '1976-07-08', 'marié(e)', NULL, NULL, 'CONGOLAISE', NULL, NULL, 7, 'MEDECIN COORDINATEUR SANTE', 'SALAMABILA/MANIEMA', '2021-09-14', '2022-08-31', '2022-08-31', '11', '15', 'en cours', 'USD', 59, '2022-03-29 13:26:12', '2022-03-29 13:26:12'),
(59, '435679758', 'MAWUDILA', 'KAMALANDWA', 'JEAN CLAUDE', 'masculin', '+243812852683', 'KIMPESE', '1976-08-15', 'marié(e)', NULL, '20055604773', 'CONGOLAISE', NULL, NULL, 7, 'ASSISTANT ADMIN ET FINANCIER', 'SALAMABILA/MANIEMA', '2021-09-14', '2022-08-31', '2022-08-31', '11', '15', 'en cours', 'USD', 60, '2022-03-29 13:29:05', '2022-03-29 13:29:05'),
(60, '1563670431', 'ASSUMANI', '--', 'ABEDI', 'masculin', NULL, 'KYAMUNYONGE', '1972-07-07', 'marié(e)', NULL, '22703373875', 'CONGOLAISE', NULL, NULL, 7, 'INFIRMIER SUPERVISEUR', 'SALAMABILA/MANIEMA', '2021-10-07', '2022-08-31', '2022-08-31', '10', '25', 'en cours', 'USD', 61, '2022-03-29 13:37:24', '2022-03-29 13:37:24'),
(61, '1699881807', 'AMURI', 'TAMBWE', '--', 'masculin', NULL, 'TCHABI', '1992-09-28', 'marié(e)', NULL, '22436548666', 'CONGOLAISE', NULL, NULL, 7, 'INFIRMIER SUPERVISEUR', 'SALAMABILA/MANIEMA', '2021-10-07', '2022-08-31', '2022-08-31', '10', '25', 'en cours', 'USD', 62, '2022-03-29 13:41:34', '2022-03-29 13:41:34'),
(62, '1269088424', 'AMISI', 'USSENI', '--', 'masculin', NULL, 'MUSONGELA', '1976-02-02', 'celibataire', NULL, '22702756853', 'CONGOLAISE', NULL, NULL, 7, 'INFIRMIER SUPERVISEUR', 'SALAMABILA/MANIEMA', '2021-10-07', '2022-08-31', '2022-08-31', '10', '25', 'en cours', 'USD', 63, '2022-03-29 13:44:32', '2022-03-29 13:44:32'),
(63, '136811940', 'DJONGA', 'KUTSHE', 'GUELORD', 'masculin', NULL, 'KANANGA', '1994-02-14', 'celibataire', NULL, NULL, 'CONGOLAISE', NULL, NULL, 7, 'CAISSIER', 'SALAMABILA/MANIEMA', '2021-09-15', '2022-08-31', '2022-08-31', '11', '15', 'en cours', 'USD', 64, '2022-03-29 13:53:38', '2022-03-29 13:53:38'),
(64, '175043932', 'MAWENGO', 'MANDOMBI', 'HERITIER', 'masculin', NULL, 'MBANDAKA', '1984-04-09', 'marié(e)', NULL, '21031278215', 'CONGOLAISE', NULL, NULL, 7, 'LOGISTICIEN', 'SALAMABILA/MANIEMA', '2021-09-14', '2022-08-31', '2022-08-31', '11', '15', 'en cours', 'USD', 65, '2022-03-29 14:03:41', '2022-03-29 14:03:41'),
(65, '668775799', 'FAZILI', 'LUSAMAKI', 'JOHN', 'masculin', NULL, 'BUKAVU', '1993-02-25', 'marié(e)', NULL, NULL, 'CONGOLAISE', NULL, NULL, 7, 'ANIMATEUR COMMUNAUTAIRE', 'SALAMABILA/MANIEMA', '2021-09-14', '2022-08-31', '2022-08-31', '11', '15', 'en cours', 'USD', 66, '2022-03-30 04:15:44', '2022-03-30 04:15:44'),
(66, '922681060', 'KALONDJI', 'FWAMBA', 'CORNEIL', 'masculin', NULL, 'KINSHASA', NULL, 'marié(e)', NULL, '28278365240', 'CONGOLAISE', NULL, NULL, 7, 'INGENIEUR EN CONSTRUCTION', 'SALAMABILA/MANIEMA', '2021-09-14', '2022-06-14', '2022-06-14', '9', NULL, 'en cours', 'USD', 67, '2022-03-30 04:19:00', '2022-03-30 04:19:00'),
(67, '1507793366', 'MATA', 'MAKWALA', 'FABRICE', 'masculin', NULL, 'KINSHASA', '1982-06-07', 'marié(e)', NULL, '21029065210', 'CONGOLAISE', NULL, NULL, 7, 'CHARGE DE SUIVI ET EVALUATION', 'SALAMABILA/MANIEMA', '2021-09-14', '2022-08-31', '2022-08-31', '11', '15', 'terminé', 'USD', 68, '2022-03-30 04:22:09', '2022-04-20 04:53:17'),
(68, '1753075368', 'OMBAKU', 'OMASUMBU', 'MAURICE', 'masculin', NULL, 'LUBUMBASHI', '1976-03-19', 'marie', NULL, '226395744061', 'CONGOLAISE', NULL, NULL, 7, 'ASSISTANT LOGISTICIEN', NULL, '2021-09-14', '2022-08-14', '2022-08-14', '11', NULL, 'en cours', 'USD undefined undefined', 69, '2022-03-30 04:24:21', '2022-04-05 12:22:29'),
(69, '1996880333', 'MARIANI', 'ALINA', 'ANYESI', 'feminin', NULL, 'LUSANGI', '1993-12-25', 'marié(e)', NULL, '22580353024', 'CONGOLAISE', NULL, NULL, 7, 'CLEANER', 'SALAMABILA/MANIEMA', '2021-10-05', '2022-08-31', '2022-08-31', '10', '27', 'en cours', 'USD', 70, '2022-03-30 04:27:22', '2022-03-30 04:27:22'),
(70, '1483894114', 'MABRUKI', 'MASHANGA', 'VENANCE', 'masculin', '+243812227938', 'SALAMABILA', '1996-04-01', 'marié(e)', NULL, '22703342477', 'CONGOLAISE', NULL, NULL, 7, 'GARDIEN', 'SALAMABILA/MANIEMA', '2021-10-07', '2022-08-31', '2022-08-31', '10', '25', 'en cours', 'USD', 71, '2022-03-30 04:32:00', '2022-03-30 04:32:00'),
(71, '379712045', 'SHADARI', 'RAMAZANI', 'DAVID', 'masculin', '+243812086948', 'KAWAYA', '1986-02-22', 'marié(e)', NULL, '22700140760', 'CONGOLAISE', NULL, NULL, 7, 'GARDIEN', 'SALAMABILA/MANIEMA', '2021-10-07', '2022-08-31', '2022-08-31', '10', '25', 'en cours', 'USD', 72, '2022-03-30 04:34:24', '2022-03-30 04:34:24'),
(72, '1834355935', 'MAYUNGU', 'KABALA', 'CALLISTE', 'masculin', '+243998774149', 'WAMAZA', '1984-02-09', 'marié(e)', NULL, '22706935392', 'CONGOLAISE', NULL, NULL, 7, 'GARDIEN', 'SALAMABILA/MANIEMA', '2021-10-07', '2022-08-31', '2022-08-31', '10', '25', 'en cours', 'USD', 73, '2022-03-30 04:38:18', '2022-03-30 04:38:18'),
(73, '2055201170', 'MUFOLO', 'KABALA', 'JEAN PIERRE', 'feminin', NULL, 'ANGALISI', '1975-05-18', 'marié(e)', NULL, '22703146690', 'CONGOLAISE', NULL, NULL, 7, 'GARDIEN', 'SALAMABILA/MANIEMA', '2021-10-07', '2022-08-31', '2022-08-31', '10', '25', 'en cours', 'USD', 74, '2022-03-30 04:40:44', '2022-03-30 04:40:44'),
(74, '1632763794', 'TOKPMA', 'FIDELE', 'FREDDY', 'masculin', NULL, 'KINSHASA', '1994-03-18', 'marie', NULL, NULL, 'CONGOLAISE', NULL, NULL, 7, 'COMPTABLE', 'KINSHASA', '2021-09-16', '2021-09-30', '2021-09-30', '0', '15', 'terminé', 'USD undefined', 75, '2022-03-30 04:45:56', '2022-04-20 05:35:57'),
(75, '598037898', 'KITSA', 'MBUYIRAHI', 'ISABELLE', 'feminin', NULL, 'BENI', '1994-07-29', 'celibataire', NULL, '22352963699', 'CONGOLAISE', NULL, NULL, 7, 'INFIRMIER SUPERVISEUR', 'SALAMABILA/MANIEMA', '2021-11-26', '2022-08-31', '2022-08-31', '9', '5', 'en cours', 'USD', 76, '2022-03-30 04:50:03', '2022-03-30 04:50:03'),
(76, '1841230899', 'MASINDA', 'KASEREKA', 'SAMUEL', 'masculin', '+243810730797', NULL, NULL, 'marie', NULL, NULL, 'CONGOLAISE', NULL, NULL, 15, 'STAGIAIRE AU PROGRAMME', 'KINSHASA', '2022-01-24', '2022-04-24', '2022-04-24', '3', '0', 'terminé', 'USD undefined undefined', 77, '2022-03-30 08:52:27', '2022-04-27 07:08:03'),
(77, '2105454809', 'LUMBALA', 'WA LUMBALA', 'DICKY', 'masculin', '+243821316819', NULL, NULL, 'marie', NULL, NULL, 'CONGOLAISE', '8, AV. PAROISE, Q. MITENDI, C. MONT-NGAFULA', NULL, 15, 'STAGIAIRE AU FINANCE', 'KINSHASA', '2022-01-18', '2022-03-18', '2022-03-18', '2', '0', 'terminé', 'USD undefined', 78, '2022-03-30 09:00:10', '2022-04-11 13:35:41'),
(78, '612775801', 'MAKWELA', 'MAKWELA', 'CHRISTIAN', 'masculin', '+243899991161', NULL, NULL, 'celibataire', NULL, NULL, 'CONGOLAISE', NULL, NULL, 15, 'STAGIAIRE AU FINANCE', 'KINSHASA', '2022-01-14', '2022-04-14', '2022-04-14', '3', '0', 'terminé', 'USD undefined', 79, '2022-03-30 10:37:17', '2022-04-20 04:08:11'),
(79, '761326226', 'LENDE', 'DALABO', 'GEDEON', 'masculin', '+243824113200', NULL, NULL, 'celibataire', NULL, NULL, 'CONGOLAISE', '05, AV. KONDJO, Q. KINSUKA, C. NGALIEMA', NULL, 15, 'STAGIAIRE AU FINANCE', 'KINSHASA', '2022-01-14', '2022-04-14', '2022-04-14', '3', '0', 'terminé', 'USD undefined', 80, '2022-03-30 12:49:33', '2022-04-20 04:08:54'),
(80, '376949366', 'MOMBO', 'KABADI', 'TYCHIQUE', 'masculin', '+243813691145', 'KINSHASA', '1991-09-02', 'celibataire', 'tychiquemombo@gmail.com', '20073206680', 'CONGOLAISE', '20, AV. KIDIMA, Q. KINDELE, C. MONT-NGAFULA', NULL, 15, 'SATAGIAIRE AUX RH', 'KINSHASA', '2022-01-26', '2022-07-26', '2022-07-26', '6', '0', 'en cours', '135 undefined', 81, '2022-03-30 12:52:25', '2022-05-09 13:30:54'),
(85, '1235908757', 'KABAYA', 'TONDA', 'CLAVER', 'masculin', '+243812070184', 'MANGOLA', '1971-12-12', 'marie', NULL, NULL, 'CONGOLAISE', NULL, NULL, 8, 'LOGISTICIEN', 'KINSHASA', '2022-02-07', '2022-12-31', '2022-12-31', '10', '22', 'en cours', 'USD undefined', 86, '2022-03-30 13:16:25', '2022-04-19 07:29:06'),
(86, '1335640420', 'RAMAZANI', 'PIERRE', 'RAMSEY', 'masculin', NULL, NULL, NULL, 'celibataire', NULL, NULL, 'CONGOLAISE', NULL, NULL, 8, 'ASSISTANT LOGISTICIEN', 'KINSHASA', '2022-02-07', '2022-12-31', '2022-12-31', '10', '22', 'en cours', 'USD', 87, '2022-03-30 13:18:26', '2022-03-30 13:18:26'),
(87, '228637183', 'KATAKO', '--', 'ALBERT', 'masculin', NULL, NULL, NULL, 'marié(e)', NULL, NULL, 'CONGOLAISE', NULL, NULL, 8, 'ASSISTANT LOGISTICIEN', 'KINSHASA', '2022-02-07', '2022-12-31', '2022-12-31', '10', '22', 'en cours', 'USD', 88, '2022-03-30 13:20:02', '2022-03-30 13:20:02'),
(88, '506778918', 'FUNGULA', 'MIYANO', 'JACQUES', 'masculin', NULL, NULL, NULL, 'marié(e)', NULL, NULL, 'CONGOLAISE', NULL, NULL, 8, 'MECANICIEN', 'KINSHASA', '2022-02-07', '2022-12-31', '2022-12-31', '10', '22', 'en cours', 'USD', 89, '2022-03-30 13:22:09', '2022-03-30 13:22:09'),
(89, '1965549317', 'LUKUMU', 'MAZABALA', 'RICHARD', 'masculin', NULL, NULL, NULL, 'marié(e)', NULL, NULL, 'CONGOLAISE', NULL, NULL, 8, 'GARDIEN', 'KINSHASA', '2022-01-01', '2022-12-31', '2022-12-31', '12', '0', 'en cours', 'USD', 90, '2022-03-30 13:25:26', '2022-03-30 13:25:26'),
(90, '1465915156', 'LIMELA', 'LIBASILA', '--', 'masculin', NULL, NULL, NULL, 'marié(e)', NULL, NULL, 'CONGOLAISE', NULL, NULL, 8, 'GARDIEN', 'KINSHASA', '2022-01-01', '2022-12-31', '2022-12-31', '12', '0', 'en cours', 'USD', 91, '2022-03-30 13:32:07', '2022-03-30 13:32:07'),
(91, '1215500692', 'KUHILA', 'MUYEMBA', 'ALEXIE', 'masculin', NULL, NULL, NULL, 'marié(e)', NULL, NULL, 'CONGOLAISE', NULL, NULL, 8, 'GARDIEN', 'KINSHASA', '2022-01-01', '2022-12-31', '2022-12-31', '12', '0', 'en cours', 'USD', 92, '2022-03-30 13:33:44', '2022-03-30 13:33:44'),
(92, '1094258908', 'MATONDO', 'MAKU', 'CLAUDE', 'masculin', NULL, 'KINSHASA', '1978-04-12', 'marié(e)', NULL, NULL, 'CONGOLAISE', NULL, NULL, 9, 'CHEF DE PROJET', 'BOENDE', '2022-01-02', '2022-12-31', '2022-12-31', '12', '0', 'en cours', 'USD', 93, '2022-03-30 13:37:51', '2022-03-30 13:37:51'),
(93, '2091017582', 'CIBANGU', 'KASOMB-SOMB', 'MARIUS', 'masculin', NULL, 'LIKASI', '1973-01-19', 'marié(e)', NULL, NULL, 'CONGOLAISE', NULL, NULL, 9, 'M&E OFFICER/DATA MANAGER', NULL, '2022-01-02', '2022-12-31', '2022-12-31', '12', '0', 'en cours', 'USD', 94, '2022-03-30 13:41:09', '2022-03-30 13:41:09'),
(94, '841808050', 'CIBOLA', 'KABEYA', 'ADOLPHE', 'masculin', NULL, 'LUEBO', '1982-07-13', 'marié(e)', NULL, '21456477363', 'CONGOLAISE', NULL, NULL, 9, 'ASSISTANT ADMIN ET FINANCIER', 'BOENDE', '2022-01-02', '2022-12-31', '2022-12-31', '12', '0', 'en cours', 'USD', 95, '2022-03-30 13:43:45', '2022-03-30 13:43:45'),
(95, '689445252', 'MVUMU', 'LUSALA', 'ALBERT', 'masculin', NULL, 'KINSHASA', '1975-05-20', 'marié(e)', NULL, '21456474404', 'CONGOLAISE', NULL, NULL, 9, 'LOGISTICIEN/LMIS POINT FOCAL', 'BOENDE', '2022-01-02', '2022-12-31', '2022-12-31', '12', '0', 'en cours', 'USD', 96, '2022-03-30 13:46:47', '2022-03-30 13:46:47'),
(96, '1875368158', 'N\'SOMBO', 'BOLAA', 'STEPHANE', 'masculin', NULL, 'WAFANYA', '1976-10-15', 'marie', NULL, '21454698582', 'CONGOLAISE', NULL, NULL, 9, NULL, 'DJOLU', '2022-01-02', '2022-12-31', '2022-12-31', '12', '0', 'en cours', 'USD undefined', 97, '2022-03-30 13:48:51', '2022-03-30 13:50:35'),
(97, '101225797', 'LUTU', 'BAPELI', 'MATA', 'masculin', NULL, 'BONGINDA', '1985-09-08', 'marié(e)', NULL, '21027055595', 'CONGOLAISE', NULL, NULL, 9, 'SUPERVISEUR(LMIS)/BOKUNGU', 'BOKUNGU', '2022-01-02', '2022-12-31', '2022-12-31', '12', '0', 'en cours', 'USD', 98, '2022-03-30 13:53:24', '2022-03-30 13:53:24'),
(98, '1337546315', 'KABASELE', 'TUINDILE', 'ELVIS', 'masculin', NULL, 'KIMPANGU', '1981-09-11', 'marié(e)', NULL, '21538316023', 'CONGOLAISE', NULL, NULL, 9, 'SUPERVISEUR(LMIS)/IKELA', 'IKELA', '2022-01-02', '2022-12-31', '2022-12-31', '12', '0', 'en cours', 'USD', 99, '2022-03-30 13:56:16', '2022-03-30 13:56:16'),
(99, '464306153', 'KABASELE', 'TSHIAUKE', 'OLIVIER', 'masculin', NULL, 'KINSHASA', '1975-03-21', 'marié(e)', NULL, '21125862180', 'CONGOLAISE', NULL, NULL, 9, 'SUPERVISEUR(LMIS)/BOENDE', 'BOENDE', '2022-01-02', '2022-12-31', '2022-12-31', '12', '0', 'en cours', 'USD', 100, '2022-03-30 13:59:28', '2022-03-30 13:59:28'),
(100, '925859070', 'BOONGOLA', 'IMPELI', 'CLARISSE', 'feminin', NULL, 'KINSHASA', '1977-09-27', 'marie', NULL, '21454715968', 'CONGOLAISE', NULL, NULL, 9, 'CAISSIERE', 'BOENDE', '2022-01-02', '2022-05-10', '2022-05-10', '12', '0', 'terminé', '908,09 undefined', 101, '2022-03-30 14:04:42', '2022-05-11 08:51:07'),
(101, '1440515279', 'BOMBOKO', 'BOSUKA', 'VIPEUR', 'masculin', NULL, 'BOENDE', '1974-03-04', 'marié(e)', NULL, '21546488836', 'CONGOLAISE', NULL, NULL, 9, 'CHAUFFEUR', 'BOENDE', '2022-01-02', '2022-12-31', '2022-12-31', '12', '0', 'en cours', 'USD', 102, '2022-03-31 06:18:10', '2022-03-31 06:18:10'),
(102, '1543651699', 'BOTEKO', 'BOLOLA', 'BOSS', 'masculin', NULL, 'BOENDE', '1975-12-29', 'marié(e)', NULL, '21488278710', 'CONGOLAISE', NULL, NULL, 9, 'GARDIEN', 'BOENDE', '2022-01-02', '2022-12-31', '2022-12-31', '12', '0', 'en cours', 'USD', 103, '2022-03-31 06:42:34', '2022-03-31 06:42:34'),
(103, '235353782', 'DJONGA', 'KIMBULU', 'JEAN-PAUL', 'masculin', NULL, 'YAMBATEYI', '1985-07-02', 'marié(e)', 'DJONGA', 'KIMBULU', 'JEAN-PAUL', NULL, NULL, 9, 'GARDIEN', 'BOENDE', '2022-01-02', '2022-12-31', '2022-12-31', '12', '0', 'en cours', 'USD', 104, '2022-03-31 06:44:48', '2022-03-31 06:44:48'),
(104, '1761128365', 'MOLESO', 'NSONGE', 'YVETTE', 'feminin', NULL, 'BOENDE', '1984-06-30', 'celibataire', NULL, '21455097734', 'CONGOLAISE', NULL, NULL, 9, 'CHARGE DE PROPRETE', 'BOENDE', '2022-01-02', '2022-12-31', '2022-12-31', '12', '0', 'en cours', 'USD', 105, '2022-03-31 06:47:08', '2022-03-31 06:47:08'),
(105, '1004004941', 'LANDU', 'MIDOKOTA', 'LAMY', 'masculin', NULL, 'KINSHASA', '1955-05-07', 'marié(e)', NULL, '20205598441', 'CONGOLAISE', NULL, NULL, 10, 'GARDIEN', 'KASANGULU', '2022-01-01', '2022-12-31', '2022-12-31', '12', '0', 'en cours', 'USD', 106, '2022-03-31 06:55:34', '2022-03-31 06:55:34'),
(106, '484464222', 'DUDA', 'MAKIESE', 'HERITIER', 'masculin', NULL, 'KINSHASA', '1986-10-06', 'marié(e)', NULL, '20431452902', 'CONGOLAISE', NULL, NULL, 10, 'GARDIEN', 'KASANGULU', '2022-01-01', '2022-12-31', '2022-12-31', '12', '0', 'en cours', 'USD', 107, '2022-03-31 06:58:39', '2022-03-31 06:58:39'),
(107, '1500501275', 'NSUDI', 'VANGU', '--', 'masculin', NULL, 'KINZAZI', '1959-07-27', 'marié(e)', NULL, NULL, 'CONGOLAISE', NULL, NULL, 10, 'GARDIEN', 'KASANGULU', '2022-01-01', '2022-12-31', '2022-12-31', '12', '0', 'en cours', 'USD', 108, '2022-03-31 07:01:20', '2022-03-31 07:01:20'),
(108, '1229316971', 'KAUNA', 'ISOLO', 'DORCAS', 'feminin', NULL, NULL, '2000-11-13', 'marié(e)', NULL, NULL, 'CONGOLAISE', NULL, NULL, 11, 'CHARGE DE PROPRETE', 'LUBUMBASHI', '2022-01-21', '2022-03-31', '2022-03-31', '2', '11', 'en cours', 'USD', 109, '2022-03-31 07:15:10', '2022-03-31 07:15:10'),
(109, '414834208', 'SAFARI', 'MAGHUTA', 'CHRIS', 'masculin', NULL, 'KYONDE', '1984-06-15', 'marié(e)', NULL, '20069020702', 'CONGOLAISE', NULL, NULL, 11, 'AREA MANAGER', 'LUBUMBASHI', '2022-01-10', '2022-12-31', '2022-12-31', '11', '21', 'en cours', 'USD', 110, '2022-03-31 07:18:05', '2022-03-31 07:18:05'),
(110, '853417379', 'LUSONIKA', 'FUMAKWA', 'SARAH', 'feminin', NULL, 'BAS-CONGO', '1986-04-08', 'marié(e)', NULL, '21456474751', 'CONGOLAISE', NULL, NULL, 11, 'CASHIER', 'LUBUMBASHI', '2022-01-10', '2022-12-31', '2022-12-31', '11', '21', 'en cours', 'USD', 111, '2022-03-31 07:20:30', '2022-03-31 07:20:30'),
(111, '2030549604', 'LUHEMWE', 'PEMBAMOTO', '--', 'masculin', NULL, 'KILEMBI', '1960-07-04', 'marie', NULL, NULL, 'CONGOLAISE', NULL, NULL, 11, 'PROGRAM ASSISTANT', 'LUBUMBASHI', '2022-01-10', '2022-12-31', '2022-12-31', '11', '21', 'en cours', 'USD undefined', 112, '2022-03-31 07:22:46', '2022-03-31 07:33:42'),
(112, '435252002', 'KITHIMA', 'ASSUMANI', '--', 'masculin', NULL, 'MUMBA', '1987-07-15', 'marié(e)', NULL, '22639574050', 'CONGOLAISE', NULL, NULL, 11, 'CHAUFFEUR', 'LUBUMBASHI', '2022-01-10', '2022-12-31', '2022-12-31', '11', '21', 'en cours', 'USD', 113, '2022-03-31 07:25:01', '2022-03-31 07:25:01'),
(113, '727221078', 'MBATSHI', 'BOPE', 'PATIENT', 'masculin', NULL, 'ILEBO', '1991-09-07', 'marié(e)', NULL, NULL, 'CONGOLAISE', NULL, NULL, 11, 'GARDIEN', 'LUBUMBASHI', '2022-01-10', '2022-12-31', '2022-12-31', '12', '0', 'en cours', 'USD', 114, '2022-03-31 07:27:02', '2022-03-31 07:27:02'),
(114, '1787385377', 'PETU', 'MPENI', 'DIEUDONNE', 'masculin', NULL, 'KANANGA', '1960-12-25', 'marié(e)', NULL, NULL, 'CONGOLAISE', NULL, NULL, 11, 'GARDIEN', 'LUBUMBASHI', '2022-01-10', '2022-12-31', '2022-12-31', '12', '0', 'en cours', 'USD', 115, '2022-03-31 07:36:04', '2022-03-31 07:36:04'),
(116, '520108046', 'NSHOKANO', 'BIGANIRO', 'YVES', 'masculin', NULL, 'BUSHALE', '1978-05-08', 'marié(e)', NULL, NULL, 'CONGOLAISE', NULL, NULL, 14, 'PROGRAMS OFFICER', 'BUNIA', '2022-01-10', '2022-12-31', '2022-12-31', '11', '21', 'en cours', 'USD', 117, '2022-03-31 07:53:28', '2022-03-31 07:53:28'),
(117, '1628786679', 'MAHANYA', 'MASUMBUKO', 'CELESTIN', 'masculin', NULL, NULL, '1967-05-25', 'marié(e)', NULL, '22430631689', 'CONGOLAISE', NULL, NULL, 12, 'CHAUFFEUR', 'GOMA', '2022-01-10', '2022-12-31', '2022-12-31', '11', '21', 'en cours', 'USD', 118, '2022-03-31 07:56:57', '2022-03-31 07:56:57'),
(118, '1470682559', 'KAHINDO', 'MUHONGYA', '--', 'masculin', NULL, 'KIKUKU', '1973-04-14', 'marié(e)', NULL, '22141114026', 'CONGOLAISE', NULL, NULL, 12, 'CHARGE DE PROPRETE', 'GOMA', '2022-01-10', '2022-12-31', '2022-12-31', '11', '21', 'en cours', 'USD', 119, '2022-03-31 07:59:06', '2022-03-31 07:59:06'),
(119, '244907570', 'AMANI', '--', 'ESTHER', 'feminin', NULL, 'MINOVA', '1993-03-16', 'marié(e)', NULL, '2212911145', 'CONGOLAISE', NULL, NULL, 12, 'CASHIER', 'GOMA', '2022-01-10', '2022-12-31', '2022-12-31', '11', '21', 'en cours', 'USD', 120, '2022-03-31 08:01:30', '2022-03-31 08:01:30'),
(120, '1776417847', 'OMONSONGO', 'LUNDIMU', 'JEAN', 'masculin', NULL, 'TCHAMAKA', '1980-01-01', 'marié(e)', NULL, 'OP0578293', 'CONGOLAISE', NULL, NULL, 12, 'ARE MANAGER', 'GOMA', '2022-12-31', '2022-12-31', '2022-12-31', '11', '26', 'en cours', 'USD', 121, '2022-03-31 08:04:21', '2022-03-31 08:04:21'),
(121, '1408918833', 'MALIYANGU', '--', '--', 'masculin', NULL, NULL, NULL, 'celibataire', NULL, NULL, 'CONGOLAISE', NULL, NULL, 17, 'CHAUFFEUR', 'BUKAVU', '2022-03-01', '2022-12-31', '2022-12-31', '10', NULL, 'en cours', 'USD', 122, '2022-03-31 08:25:58', '2022-03-31 08:25:58'),
(122, '1603030325', 'MUELA', 'KASONGO', 'JUDITH', 'feminin', NULL, NULL, NULL, 'marie', NULL, NULL, 'CONGOLAISE', NULL, NULL, 17, 'ASSISTANT AU PROGRAMME/POINT FOCAL', NULL, '2022-03-01', '2022-12-31', '2022-12-31', '10', NULL, 'en cours', 'USD undefined', 123, '2022-03-31 08:27:37', '2022-04-08 07:34:14'),
(123, '799762064', 'OMOLLO', '--', 'MAURICE', 'masculin', NULL, NULL, NULL, 'marie', NULL, NULL, 'KENYAN', NULL, NULL, 13, 'PROJECT MANAGER', 'TSHIKAPA', '2021-10-01', '2022-08-31', '2022-08-31', '11', '0', 'en cours', 'USD undefined', 124, '2022-03-31 10:45:39', '2022-03-31 10:49:30'),
(124, '1080807296', 'ANELKA', 'KALONDA', 'MAT', 'masculin', NULL, NULL, NULL, 'marié(e)', NULL, NULL, 'CONGOLAISE', NULL, NULL, 13, 'DEPUTY PROJECT MANAGER', 'TSHIKAPA', '2021-10-01', '2022-08-31', '2022-08-31', '11', '0', 'en cours', 'USD', 125, '2022-03-31 10:47:48', '2022-03-31 10:47:48'),
(125, '800163571', 'AWUDE', '--', 'EMMANUEL', 'masculin', NULL, NULL, NULL, 'marié(e)', NULL, NULL, 'GHANAENNE', NULL, NULL, 13, 'M&E COORDINATOR', 'KINSHASA', '2021-10-01', '2022-08-31', '2022-08-31', '11', NULL, 'en cours', 'USD', 126, '2022-03-31 10:52:10', '2022-03-31 10:52:10'),
(126, '1081164010', 'SANON', 'SANVIL', 'CEDRICK', 'masculin', NULL, NULL, NULL, 'marié(e)', NULL, NULL, 'KENYAN', NULL, NULL, 13, 'FINANCE MANAGER', 'KINSHASA', '2021-10-01', '2022-08-31', '2022-08-31', '11', NULL, 'en cours', 'USD', 127, '2022-03-31 10:54:05', '2022-03-31 10:54:05'),
(127, '1118900391', 'BONYI', 'DJOMBE', 'BODARD', 'masculin', NULL, 'KANANGA', NULL, 'marié(e)', NULL, '20077821126', 'CONGOLAISE', NULL, NULL, 13, 'ADMIN ASSISTANT', 'TSHIKAPA', '2021-10-01', '2022-08-31', '2022-08-31', '11', NULL, 'en cours', 'USD', 128, '2022-03-31 11:03:05', '2022-03-31 11:03:05'),
(128, '134759957', 'MAYIKA', 'NKA NGELE', 'TIMOTHE', 'masculin', NULL, 'KINSHASA', NULL, 'marié(e)', NULL, 'OP0167766', 'CONGOLAISE', NULL, NULL, 13, 'GENDER ET PROTECTION SUPERVISOR', 'TSHIKAPA', '2021-10-01', '2022-08-31', '2022-08-31', '11', NULL, 'en cours', 'USD', 129, '2022-03-31 11:05:22', '2022-03-31 11:05:22'),
(129, '360348842', 'BARHAKENGERA', 'MUPENDA', 'EMMANUEL', 'masculin', NULL, NULL, NULL, 'marié(e)', NULL, NULL, NULL, NULL, NULL, 13, 'LOGISTICS OFFICER', 'TSHIKAPA', '2021-10-01', '2022-08-31', '2022-08-31', '11', NULL, 'en cours', 'USD', 130, '2022-03-31 11:07:02', '2022-03-31 11:07:02'),
(130, '1360579102', 'MBULA', 'BANYIYUNGU', 'MICHEL', 'masculin', NULL, NULL, NULL, 'marié(e)', NULL, NULL, 'CONGOLAISE', NULL, NULL, 13, 'WAREHOUSE MANAGER', 'TSHIKAPA', '2021-10-01', '2022-08-31', '2022-08-31', '11', NULL, 'en cours', 'USD', 131, '2022-03-31 11:16:51', '2022-03-31 11:16:51'),
(131, '857466803', 'MAKAMBU', 'MPUTU', 'BLAISE', 'masculin', NULL, 'KANANGA', NULL, 'marié(e)', NULL, '23800194698', 'CONGOLAISE', NULL, NULL, 13, 'WEREHOUSE ASSISTANT', 'TSHIKAPA', '2021-10-01', '2022-06-30', '2022-06-30', '6', NULL, 'en cours', 'USD', 132, '2022-03-31 11:19:56', '2022-03-31 11:19:56'),
(132, '1011783021', 'KATUNDU', 'KANYINDA', 'EMMANUEL', 'masculin', NULL, 'KATANDA', NULL, 'marié(e)', NULL, '20236328879', 'CONGOLAISE', NULL, NULL, 13, 'WEREHOUSE ASSISTANT', 'TSHIKAPA', '2021-10-01', '2022-06-30', '2022-06-30', '9', NULL, 'en cours', 'USD', 133, '2022-03-31 11:42:09', '2022-03-31 11:42:09'),
(133, '1575753625', 'BOBO', 'ZIMA', 'TRESOR', 'masculin', NULL, 'BANGUI', '1986-07-27', 'marié(e)', NULL, NULL, 'CONGOLAISE', NULL, NULL, 13, 'WEREHOUSE ASSISTANT', 'TSHIKAPA', '2021-10-01', '2022-02-28', '2022-02-28', '5', NULL, 'terminé', 'USD', 134, '2022-03-31 11:44:44', '2022-04-18 04:14:21'),
(134, '1775351031', 'KABESA', 'KATSHIANGA', 'FIDELE', 'masculin', NULL, 'TSHIBALA', '1979-05-14', 'marié(e)', NULL, NULL, 'CONGOLAISE', NULL, NULL, 13, 'WEREHOUSE ASSISTANT', 'TSHIKAPA', '2021-10-01', '2022-06-30', '2022-08-31', '11', NULL, 'en cours', 'USD', 135, '2022-03-31 11:48:36', '2022-03-31 11:48:36'),
(135, '840273337', 'NGOYI', 'KABEJA', 'CHARLY', 'masculin', NULL, NULL, NULL, 'celibataire', NULL, NULL, 'CONGOLAISE', NULL, NULL, 13, NULL, NULL, '2021-10-01', '2022-06-30', '2022-06-30', '6', NULL, 'en cours', 'USD', 136, '2022-03-31 11:55:00', '2022-03-31 11:55:00'),
(136, '2124504922', 'DITEND', 'TSHOMBE', 'MOISE', 'masculin', NULL, NULL, NULL, 'marié(e)', NULL, NULL, 'CONGOLAISE', NULL, NULL, 13, 'LOG. ASSISTANT', 'TSHIKAPA', '2021-10-01', '2022-08-31', '2022-08-31', '11', NULL, 'en cours', 'USD', 137, '2022-03-31 11:56:37', '2022-03-31 11:56:37'),
(137, '1477044734', 'BULUNGU', 'CIBANGU', 'JUSTIN', 'masculin', NULL, 'BOGIRA', '1988-11-11', 'marié(e)', NULL, NULL, 'CONGOLAISE', NULL, NULL, 13, 'IT SPECIALIST (LMMS OFFICER)', 'TSHIKAPA', '2021-10-01', '2022-08-31', '2022-08-31', '11', NULL, 'en cours', 'USD', 138, '2022-03-31 11:59:04', '2022-03-31 11:59:04'),
(138, '1192107101', 'NYUNDO', 'TWITE', 'FABRICE', 'masculin', NULL, 'KAMINA', NULL, 'marié(e)', NULL, NULL, 'CONGOLAISE', NULL, NULL, 13, 'FINANCE OFFICER', 'TSHIKAPA', '2021-10-01', '2022-08-31', '2022-08-31', '11', NULL, 'en cours', 'USD', 139, '2022-03-31 12:00:59', '2022-03-31 12:00:59'),
(139, '75310464', 'LUSAMBA', 'KUMWIMBA', 'JOEL', 'feminin', NULL, NULL, NULL, 'celibataire', NULL, NULL, 'CONGOLAISE', NULL, NULL, 13, 'FIELD ACCOUNTANT', 'TSHIKAPA', '2021-10-01', '2021-12-31', '2021-12-31', '3', NULL, 'terminé', 'USD', 140, '2022-03-31 12:03:08', '2022-04-18 04:14:01'),
(140, '1318626794', 'KAVOTA', 'MUSEMA', 'DEVOTE', 'feminin', NULL, 'MONDO', '1991-08-31', 'celibataire', NULL, 'OP069894', 'CONGOLAISE', NULL, NULL, 13, 'ACCOUNTANT ASSISTANT', 'TSHIKAPA', '2021-10-01', '2022-08-31', '2022-08-31', '11', NULL, 'en cours', 'USD', 141, '2022-03-31 12:05:41', '2022-03-31 12:05:41'),
(141, '802831849', 'NDUNGO', 'SAFI', 'CLAUDETTE', 'feminin', NULL, NULL, NULL, 'celibataire', NULL, NULL, 'CONGOLAISE', NULL, NULL, 13, 'FIELD CASHIER', 'TSHIKAPA', '2021-10-01', '2022-08-31', '2022-08-31', '11', NULL, 'en cours', 'USD', 142, '2022-03-31 12:07:22', '2022-03-31 12:07:22'),
(142, '323921591', 'NSILU', 'MABATANGA', 'DOUDOU', 'feminin', NULL, 'KINSHASA', '1981-06-10', 'marié(e)', NULL, '20097433054', 'CONGOLAISE', NULL, NULL, 13, 'FIELD CASHIER', 'TSHIKAPA', '2021-10-01', '2021-12-31', '2021-12-31', '3', NULL, 'terminé', 'USD', 143, '2022-03-31 12:10:13', '2022-04-11 08:59:41'),
(143, '1832593624', 'LUBUYI', 'NTSHONDA', 'SUSANNE', 'feminin', NULL, 'KALEMIE', NULL, 'marié(e)', NULL, NULL, 'CONGOLAISE', NULL, NULL, 13, 'CLEANER', 'TSHIKAPA', '2021-10-01', '2022-08-31', '2022-08-31', '11', NULL, 'en cours', 'USD', 144, '2022-03-31 12:13:07', '2022-03-31 12:13:07'),
(144, '1678003360', 'MUTSHAS', 'MPAKA', 'OLIVIER', 'masculin', NULL, 'KINSHASA', '1986-03-16', 'marié(e)', NULL, '21213478466', 'CONGOLAISE', NULL, NULL, 13, 'DRIVER', 'TSHIKAPA', '2021-10-01', '2022-08-31', '2022-08-31', '11', NULL, 'en cours', 'USD', 145, '2022-03-31 12:15:40', '2022-03-31 12:15:40'),
(145, '804262819', 'MAKINISI', 'KAMWAMWA', 'GUY', 'masculin', NULL, 'KINSHASA', '1981-12-11', 'celibataire', NULL, NULL, 'CONGOLAISE', NULL, NULL, 13, 'DRIVER', 'TSHIKAPA', '2021-10-01', '2022-08-31', '2022-08-31', '11', NULL, 'en cours', 'USD', 146, '2022-03-31 12:18:06', '2022-03-31 12:18:06'),
(146, '740193511', 'ISHA', 'OHABE', 'ELIAS', 'masculin', NULL, 'GOMA', '1985-06-08', 'marié(e)', NULL, '22146508830', 'CONGOLAISE', NULL, NULL, 13, 'DRIVER', 'TSHIKAPA', '2021-10-01', '2022-08-31', '2022-08-31', '11', NULL, 'en cours', 'USD', 147, '2022-03-31 12:20:48', '2022-03-31 12:20:48'),
(147, '1098672408', 'KAKULE', 'KYUSA', 'JERCKYS', 'masculin', NULL, 'BUTEMBO', '1989-02-13', 'marié(e)', NULL, '22263534406', 'CONGOLAISE', NULL, NULL, 13, 'M&E ASSISTANT', 'TSHIKAPA', '2021-10-01', '2022-08-31', '2022-08-31', '11', NULL, 'en cours', 'USD', 148, '2022-03-31 12:25:42', '2022-03-31 12:25:42'),
(148, '1832181306', 'MBESA', 'MALAKNGISHA', 'SAMUEL', 'masculin', NULL, 'LUBUMBASHI', '1989-01-11', 'marié(e)', NULL, '22780741100', 'CONGOLAISE', NULL, NULL, 13, 'DTA BASE AGENT', 'TSHIKAPA', '2021-10-01', '2022-08-31', '2022-08-31', '11', NULL, 'en cours', 'USD', 149, '2022-03-31 12:30:11', '2022-03-31 12:30:11'),
(149, '1775299537', 'ATULINDE', 'UZAM', 'BLAISE', 'masculin', NULL, NULL, '1992-06-26', 'marié(e)', NULL, NULL, 'CONGOLAISE', NULL, NULL, 13, 'DATA BASE AGENT', 'TSHIKAPA', '2021-10-01', '2022-08-31', '2022-08-31', '11', NULL, 'en cours', 'USD', 150, '2022-03-31 12:37:42', '2022-03-31 12:37:42'),
(150, '872972298', 'ZACHARIE', 'RUGINA', 'ZACHARIE', 'masculin', NULL, 'KALEMIE', '1978-06-26', 'marié(e)', NULL, '21128050818', 'CONGOLAISE', NULL, NULL, 13, 'FOOD MONITOR', 'TSHIKAPA', '2021-10-01', '2022-08-31', '2022-08-31', '11', NULL, 'en cours', 'USD', 151, '2022-03-31 12:52:11', '2022-03-31 12:52:11'),
(151, '76283407', 'BEYA', 'MUNYOKA', 'PASCAL', 'masculin', NULL, 'ILEBO', '1981-02-21', 'marié(e)', NULL, '20023411427', 'CONGOLAISE', NULL, '-', 13, 'FODD MONITOR', 'TSHIKAPA', '2021-10-01', '2022-08-31', '2022-08-31', '11', NULL, 'en cours', 'USD', 152, '2022-03-31 13:04:52', '2022-03-31 13:04:52'),
(152, '1419066839', 'ANSELME', 'VWAMBALE', 'MUSOHONGOLI', 'masculin', NULL, NULL, '1981-02-21', 'marié(e)', NULL, NULL, 'CONGOLAISE', NULL, NULL, 13, 'AGRICULTURE', 'TSHIKAPA', '2021-08-01', '2022-08-31', '2022-08-31', '11', NULL, 'en cours', 'USD', 153, '2022-03-31 13:06:39', '2022-03-31 13:06:39'),
(153, '920724389', 'MUSATO', '--', 'HUBERT', 'masculin', NULL, NULL, '1957-04-04', 'marié(e)', NULL, '22429924047', 'CONGOLAISE', NULL, NULL, 13, 'AGRICULTURE SPECIALIST/SUPERVISOR', 'TSHIKAPA', '2021-10-01', '2022-08-31', '2022-08-31', '11', NULL, 'en cours', 'USD', 154, '2022-03-31 13:09:19', '2022-03-31 13:09:19'),
(154, '142043790', 'KASENDE', '--', 'DANIEL', 'masculin', NULL, 'VIMBO', '1982-04-12', 'marie', NULL, '20134420153', 'CONGOLAISE', NULL, NULL, 13, 'AGRICULTURE FIELD ASSISTANT', 'TSHIKAPA', '2021-10-01', '2022-08-31', '2022-08-31', '11', NULL, 'en cours', 'USD undefined', 155, '2022-04-01 04:16:55', '2022-04-05 04:29:58'),
(155, '356872512', 'BANTU', 'TSHIBALA', 'ALEXI', 'masculin', NULL, 'KOLWEZI', '1964-11-03', 'marié(e)', NULL, '20165424407', 'CONGOLAISE', NULL, NULL, 13, 'AGRICULTURE FIELD ASSISTANT', 'TSHIKAPA', '2021-10-01', '2022-08-31', '2022-08-31', '11', NULL, 'en cours', 'USD', 156, '2022-04-01 04:21:50', '2022-04-01 04:21:50'),
(156, '565719145', 'SHAGWA', '--', 'ALAIN', 'masculin', NULL, 'UVIRA', '1986-09-15', 'celibataire', NULL, '22425521308', 'CONGOLAISE', NULL, NULL, 13, 'AGRICULTURE FIELD ASSISTANT', 'TSHIKAPA', '2021-10-01', '2022-08-31', '2022-08-31', '11', NULL, 'en cours', 'USD', 157, '2022-04-01 04:25:49', '2022-04-01 04:25:49'),
(157, '1319602343', 'MUSEMA', 'TSHATULA', 'DAVID', 'masculin', NULL, 'KALEMIE', '1987-06-28', 'celibataire', NULL, '22564540720', 'CONGOLAISE', NULL, NULL, 13, 'AGRICULTURE FIELD ASSISTANT', NULL, '2021-10-01', '2022-08-31', '2022-08-31', '11', NULL, 'en cours', 'USD', 158, '2022-04-01 04:27:40', '2022-04-01 04:27:40'),
(158, '1059043393', 'NGUNGU', 'MBEMBA', 'EVANS', 'masculin', NULL, 'KINSHASA', '1974-07-12', 'marié(e)', NULL, '20077457830', 'CONGOLAISE', NULL, NULL, 13, 'AGRICULTURE FIELD ASSISTANT', 'TSHIKAPA', '2021-10-01', '2022-08-31', '2022-08-31', '11', NULL, 'en cours', 'USD', 159, '2022-04-01 04:29:40', '2022-04-01 04:29:40'),
(159, '590294664', 'SINDANI', 'ITEKU', 'ALAIN', 'masculin', NULL, 'YANGAMBI', '1974-01-13', 'marié(e)', NULL, '22004325906', 'CONGOLAISE', NULL, NULL, 13, 'AGRICULTURE FIELD ASSISTANT', 'TSHIKAPA', '2021-10-01', '2022-08-31', '2022-08-31', '11', NULL, 'en cours', 'USD', 160, '2022-04-01 04:34:29', '2022-04-01 04:34:29'),
(160, '291489046', 'BATUBENGE', 'BADIBANGA', 'ROBERT', 'masculin', NULL, 'NDEKESHA', '1976-05-15', 'marié(e)', NULL, '23799198860', 'CONGOLAISE', NULL, NULL, 13, 'AGRICULTURE FIELD ASSISTANT', 'TSHIKAPA', '2021-10-01', '2022-08-31', '2022-08-31', '11', NULL, 'en cours', 'USD', 161, '2022-04-01 04:42:03', '2022-04-01 04:42:03'),
(161, '365132699', 'BUKASA', 'BUKASA', 'GREGORY', 'masculin', NULL, 'LUBUMBASHI', '1979-03-08', 'marié(e)', NULL, NULL, 'CONGOLAISE', NULL, NULL, 13, 'AGRICULTURE FIELD ASSISTANT', 'TSHIKAPA', '2021-10-01', '2022-08-31', '2022-08-31', '11', NULL, 'en cours', 'USD', 162, '2022-04-01 04:45:07', '2022-04-01 04:45:07'),
(162, '647521871', 'TSHIBANGU', '--', 'EMMANUEL', 'masculin', NULL, 'KIPUSHI', '1971-12-28', 'marié(e)', NULL, '20225214490', 'CONGOLAISE', NULL, NULL, 13, 'AGRICULTURE FIELD ASSISTANT', NULL, '2021-09-20', '2022-08-31', '2022-08-31', '11', '10', 'terminé', 'USD', 163, '2022-04-01 04:49:10', '2022-04-20 04:57:22'),
(163, '960355295', 'OKITALONGENGO', 'LODAMA', 'ARMAND', 'masculin', NULL, 'DJALO', '1985-11-11', 'marié(e)', NULL, '22638338454', 'CONGOLAISE', NULL, NULL, 13, 'AGRICULTURE FIELD ASSISTANT', NULL, '2021-09-20', '2022-08-31', '2022-08-31', '11', '10', 'en cours', 'USD', 164, '2022-04-01 04:53:13', '2022-04-01 04:53:13'),
(164, '1898191625', 'KIMAMWE', '--', 'SERGE', 'masculin', NULL, NULL, NULL, 'celibataire', NULL, NULL, 'CONGOLAISE', NULL, NULL, 13, 'AGRICULTURE FIELD ASSISTANT', 'TSHIKAPA', '2021-10-15', '2022-08-31', '2022-08-31', '10', '15', 'en cours', 'USD', 165, '2022-04-01 04:55:09', '2022-04-01 04:55:09'),
(165, '1888484380', 'MUZUNGU', 'SHABANI', 'CHRIUSTOPHE', 'masculin', NULL, 'UBVIRA', '1977-07-27', 'marié(e)', NULL, '22429943212', 'CONGOLAISE', NULL, NULL, 13, 'VLSA COORDINATOR', 'TSHIKAPA', '2021-10-01', '2022-08-31', '2022-08-31', '11', NULL, 'en cours', 'USD', 166, '2022-04-01 04:57:16', '2022-04-01 04:57:16'),
(166, '663123014', 'TSHIKUDI', 'SAMAKWEDI', 'TMOTHE', 'masculin', NULL, 'KANANGA', '1977-08-26', 'marié(e)', NULL, '20213226083', 'CONGOLAISE', NULL, NULL, 13, 'AGRICULTURE FIELD ASSISTANT', NULL, '2021-10-01', '2022-08-31', '2022-08-31', '11', NULL, 'en cours', 'USD', 167, '2022-04-01 04:59:16', '2022-04-01 04:59:16'),
(167, '135454169', 'YOLIMO', 'KOY', 'DESIRE', 'masculin', NULL, 'KISANGANI', '1986-07-05', 'celibataire', NULL, '20011219004', 'CONGOLAISE', NULL, NULL, 13, 'VSLA SUPERVISOR', 'TSHIKAPA', '2021-10-01', '2022-08-31', '2022-08-31', '11', NULL, 'en cours', 'USD undefined', 168, '2022-04-01 05:04:44', '2022-04-01 06:03:21'),
(168, '1153519281', 'EKOFO', 'BEMOLO', 'SYLVIE', 'masculin', NULL, 'GEMENA', '2001-10-21', 'celibataire', NULL, '21185856439', 'CONGOLAISE', NULL, NULL, 13, 'VSLA AGENT', NULL, '2021-10-01', '2022-08-31', '2022-08-31', '11', NULL, 'en cours', 'USD', 169, '2022-04-01 06:07:48', '2022-04-01 06:07:48'),
(169, '483595378', 'KINDEMI', 'NSILU', 'RIPHARD', 'masculin', NULL, 'KINSHASA', '1990-04-21', 'celibataire', NULL, '20057211627', 'CONGOLAISE', NULL, NULL, 13, 'VSLA AGENT', NULL, '2021-10-01', '2022-08-31', '2022-08-31', '11', NULL, 'en cours', 'USD', 170, '2022-04-01 06:09:36', '2022-04-01 06:09:36'),
(170, '1565200102', 'LIKOLI', 'LILKONDO', 'MARIE', 'masculin', NULL, 'YAMBOYO', '1972-12-27', 'celibataire', NULL, '21120270773', 'CONGOLAISE', NULL, NULL, 13, 'VSLA AGENT', 'TSHIKAPA', '2021-10-01', '2022-08-31', '2022-08-31', '11', NULL, 'en cours', 'USD', 171, '2022-04-01 06:12:16', '2022-04-01 06:12:16'),
(171, '50390329', 'KALONDA', 'BATSHAEKA', 'ROSINE', 'feminin', NULL, 'MBANDAKA', '1992-04-17', 'celibataire', NULL, '21027283130', 'CONGOLAISE', NULL, NULL, 13, 'VSLA AGENT', 'TSHIKAPA', '2021-10-01', '2022-08-31', '2022-08-31', '11', NULL, 'en cours', 'USD', 172, '2022-04-01 06:14:22', '2022-04-01 06:14:22');
INSERT INTO `agents` (`id`, `numProjet`, `nom`, `postnom`, `prenom`, `sexe`, `telephone`, `lieuNaissance`, `dateNaissance`, `etatCivil`, `email`, `NumCarteIdentite`, `nationalite`, `adresseResidence`, `NumCompteBancaire`, `projet_id`, `fonction`, `lieuAffectation`, `dateDebut`, `dateFinPrevue`, `DateFinEffective`, `DureeContratMois`, `DureeContratJour`, `status`, `salaires`, `user_id`, `created_at`, `updated_at`) VALUES
(172, '1907884312', 'NGONDO', 'KALAMBA', 'PHILO', 'feminin', NULL, 'TSHIKAPA', '1994-12-12', 'celibataire', NULL, '23801598283', 'CONGOLAISE', NULL, NULL, 13, 'VSLA AGENT', 'TSHIKAPA', '2021-10-01', '2022-08-31', '2022-08-31', '11', NULL, 'en cours', 'USD', 173, '2022-04-01 06:16:19', '2022-04-01 06:16:19'),
(173, '1933987711', 'MISENGA', 'KABEYA', 'MIMI MARIAM', 'feminin', NULL, 'LUEBO', '1993-11-22', 'celibataire', NULL, '23799616474', 'CONGOLAISE', NULL, NULL, 13, 'VSLA AGENT', 'TSHIKAPA', '2021-10-01', '2022-08-31', '2022-08-31', '11', NULL, 'en cours', 'USD', 174, '2022-04-01 06:19:12', '2022-04-01 06:19:12'),
(174, '2137035998', 'SIMIYU', '--', 'MICAH', 'masculin', NULL, NULL, NULL, 'celibataire', NULL, NULL, 'KENYANE', NULL, NULL, 13, 'M&E OFFICER', 'TSHIKAPA', '2021-10-01', '2022-08-31', '2022-08-31', '11', NULL, 'en cours', 'USD', 175, '2022-04-01 06:21:04', '2022-04-01 06:21:04'),
(175, '118335585', 'MBUYI', 'KAMBUJI', 'IDRISS', 'masculin', NULL, 'TSHIKAPA', '1994-12-12', 'marié(e)', NULL, '23797611848', 'CONGOLAISE', NULL, NULL, 13, 'VSLA AGENT', 'TSHIKAPA', '2021-10-01', '2022-08-31', '2022-08-31', '11', NULL, 'en cours', 'USD', 176, '2022-04-01 06:23:01', '2022-04-01 06:23:01'),
(176, '1023215459', 'KAHAMBU', '--', 'CHRISTINE', 'feminin', NULL, 'BUKAVU', '1993-02-05', 'celibataire', NULL, '22137317700', 'CONGOLAISE', NULL, NULL, 13, 'VSLA AGENT', 'TSHIKAPA', '2021-10-01', '2022-08-31', '2022-08-31', '11', NULL, 'en cours', 'USD', 177, '2022-04-01 06:25:49', '2022-04-01 06:25:49'),
(177, '1173666606', 'MUMBERE', 'SAASITA', 'GERMAIN', 'masculin', NULL, 'OICHA', '1989-07-07', 'marié(e)', NULL, '21864325981', 'CONGOLAISE', NULL, NULL, 13, 'WASH TECHNICAL SUPERVISOR', 'TSHIKAPA', '2021-10-01', '2022-06-30', '2022-06-30', '9', '17', 'en cours', 'USD', 178, '2022-04-01 06:31:00', '2022-04-01 06:31:00'),
(178, '2093084949', 'MUWAWA', '--', 'HENRY', 'masculin', NULL, NULL, '1969-02-02', 'marié(e)', NULL, '21029257871', 'CONGOLAISE', NULL, NULL, 13, 'WASH TECHNICAL ASSISTANT', 'TSHIKAPA', '2021-09-13', '2022-06-30', '2022-06-30', '9', '17', 'en cours', 'USD', 179, '2022-04-01 06:33:48', '2022-04-01 06:33:48'),
(179, '298509209', 'LOKOSA', '--', 'PEDRO', 'masculin', NULL, 'MBANDAKA', '1982-10-02', 'celibataire', NULL, '23345575416', 'CONGOLAISE', NULL, NULL, 13, 'WASH TECHNICAL ASSISTANT', 'TSHIKAPA', '2021-09-13', '2022-06-30', '2022-06-30', '9', '11', 'en cours', 'USD', 180, '2022-04-01 06:42:44', '2022-04-01 06:42:44'),
(180, '875122222', 'EFULATO', 'POLE', 'GEORGETTE', 'feminin', NULL, 'LODJA', '1994-01-19', 'marié(e)', NULL, NULL, 'CONGOLAISE', NULL, NULL, 13, 'WASH COMMUNITY ANIMATOR', 'TSHIKAPA', '2021-09-13', '2022-06-30', '2022-06-30', '9', '17', 'en cours', 'USD', 181, '2022-04-01 07:05:08', '2022-04-01 07:05:08'),
(181, '295448844', 'TSHIKINA', 'MITOMBE', 'SICINA', 'feminin', NULL, 'KINSHASA', NULL, 'marié(e)', NULL, NULL, 'CONGOLAISE', NULL, NULL, 13, 'WASH COMMUNITY ANIMATOR', 'TSHIKAPA', '2021-09-13', '2022-06-30', '2022-06-30', '9', '17', 'en cours', 'USD', 182, '2022-04-01 07:07:10', '2022-04-01 07:07:10'),
(182, '281568808', 'TSHIKAMBA', 'MUAMBA', 'ARSENE', 'masculin', NULL, 'KISANGANI', NULL, 'marié(e)', NULL, '20090622777', 'CONGOLAISE', NULL, NULL, 13, 'COMMODITY DISTRIBUTION AGENT', 'TSHIKAPA', '2021-09-20', '2021-12-31', '2021-12-31', '3', '10', 'terminé', 'USD', 183, '2022-04-01 07:12:08', '2022-04-18 04:46:14'),
(183, '1672939027', 'KINUANI', 'MPIOSO', 'FRICK', 'masculin', NULL, 'KINSHASA', '1978-11-30', 'marie', NULL, '20051409499', 'CONGOLAISE', NULL, NULL, 13, 'LEAD FIELD SUPERVISOR', 'TSHIKAPA', '2021-10-01', '2022-08-31', '2022-08-31', '11', NULL, 'en cours', 'USD undefined', 184, '2022-04-01 07:14:37', '2022-04-01 07:25:13'),
(184, '1112026467', 'SHABANI', 'MULOWE', 'BLAISE', 'masculin', NULL, 'TSHIKAPA', '1986-03-23', 'marie', NULL, '23654583210', 'CONGOLAISE', NULL, NULL, 13, 'COMMODITY DISTRIBUTION AGENT', 'TSHIKAPA', '2021-10-01', '2022-08-31', '2022-08-31', '3', NULL, 'en cours', 'USD undefined', 185, '2022-04-01 07:16:53', '2022-04-01 07:27:14'),
(185, '1149044361', 'KITOKO', 'KIMPANGA', 'EMMANUEL', 'masculin', NULL, 'GWAKA', '1985-09-21', 'celibataire', NULL, '20098835377', 'CONGOLAISE', NULL, NULL, 13, 'COMMODITY DISTRIBUTION AGENT', 'TSHIKAPA', '2021-10-01', '2021-12-31', '2021-12-31', '3', NULL, 'terminé', 'USD', 186, '2022-04-01 07:19:31', '2022-04-11 08:57:20'),
(186, '1809753195', 'MBALAYI', 'KABINDA', 'PATIENCE', 'feminin', NULL, 'KANANGA', '1990-06-25', 'celibataire', NULL, '23800990521', 'CONGOLAISE', NULL, NULL, 13, 'COMMODITY DISTRIBUTION AGENT', NULL, '2021-10-01', '2022-08-31', '2022-08-31', '11', NULL, 'en cours', 'USD undefined', 187, '2022-04-01 07:21:29', '2022-04-01 07:26:27'),
(187, '1111789087', 'NZIAVAKE', 'NZINGENE', 'ROSETTE', 'masculin', NULL, 'KINSHASA', '1990-03-14', 'celibataire', NULL, '20223035074', 'CONGOLAISE', NULL, NULL, 13, 'COMMODITY DISTRIBUTION AGENT', 'TSHIKAPA', '2021-10-01', '2022-08-31', '2022-08-31', '11', NULL, 'en cours', 'USD', 188, '2022-04-01 07:30:28', '2022-04-01 07:30:28'),
(188, '1414755192', 'TSHOTA', 'LOHATOKO', 'STEPHANE', 'masculin', NULL, 'KANANGA', NULL, 'marié(e)', NULL, NULL, 'CONGOLAISE', NULL, NULL, 13, 'COMMODITY DISTRIBUTION AGENT', NULL, '2021-10-01', '2021-12-31', '2021-12-31', '3', NULL, 'en cours', 'USD', 189, '2022-04-01 07:43:12', '2022-04-18 05:00:09'),
(189, '1812136343', 'MULOWE', 'BANZA', 'FISTON', 'masculin', NULL, 'LUBUMBASHI', '1994-11-15', 'celibataire', NULL, NULL, 'CONGOLAISE', NULL, NULL, 13, 'COMMODITY DISTRIBUTION AGENT', 'TSHIKAPA', '2021-10-01', '2021-12-31', '2021-12-31', '3', NULL, 'terminé', 'USD undefined', 190, '2022-04-01 07:46:25', '2022-04-18 05:00:36'),
(190, '1641435675', 'KAHEMBE', '--', 'MIJI', 'masculin', NULL, 'TSHIKAPA', '1995-12-04', 'celibataire', NULL, '23654982851', 'CONGOLAISE', NULL, NULL, 13, 'COMMODITY DISTRIBUTION AGENT', 'TSHIKAPA', '2021-10-01', '2021-12-31', '2021-12-31', '3', '3', 'terminé', 'USD', 191, '2022-04-01 07:55:59', '2022-04-18 05:00:55'),
(191, '1642291378', 'MAMBA', 'TSHISHIKU', 'MAX', 'masculin', NULL, 'TSHIKAPA', '1996-01-01', 'marié(e)', NULL, '23804423490', 'CONGOLAISE', NULL, NULL, 13, 'COMMODITY DISTRIBUTION AGENT', 'TSHIKAPA', '2021-10-01', '2021-12-31', '2021-12-31', '3', NULL, 'terminé', 'USD', 192, '2022-04-01 08:00:04', '2022-04-11 08:51:56'),
(192, '1292494668', 'LOHATA', 'OTSHUDI', 'PATRICK', 'masculin', NULL, 'KINSHASA', '1967-02-02', 'marié(e)', NULL, '20024429999', 'CONGOLAISE', NULL, NULL, 13, 'COMMODITY DISTRIBUTION AGENT', 'TSHIKAPA', '2021-10-01', '2021-12-31', '2021-12-31', '3', NULL, 'terminé', 'USD', 193, '2022-04-01 08:02:03', '2022-04-11 08:51:44'),
(193, '1494944520', 'MWAMBA', 'MPUNDU', 'SERGE', 'masculin', NULL, 'MANONO', '1985-04-02', 'celibataire', NULL, NULL, 'CONGOLAISE', NULL, NULL, 13, 'COMMODITY DISTRIBUTION AGENT', 'TSHIKAPA', '2021-10-01', '2021-12-31', '2021-12-31', '3', NULL, 'terminé', 'USD', 194, '2022-04-01 08:04:23', '2022-04-11 08:51:31'),
(194, '428677880', 'TSHIMBULU', 'MUTAMBA', 'DERICK', 'masculin', NULL, 'KALOMBA', '1986-06-20', 'marié(e)', NULL, '20098616576', 'CONGOLAISE', NULL, NULL, 13, 'COMMODITY DISTRIBUTION AGENT', 'TSHIKAPA', '2021-10-01', '2021-12-31', '2021-12-31', '3', NULL, 'terminé', 'USD', 195, '2022-04-01 08:07:12', '2022-04-11 08:50:37'),
(195, '1267492523', 'TOKO', 'MAVINGA', 'PRISCA', 'feminin', NULL, NULL, '1995-03-27', 'celibataire', NULL, '20045212077', 'CONGOLAISE', NULL, NULL, 13, 'COMMODITY DISTRIBUTION AGENT', 'TSHIKAPA', '2021-10-01', '2021-12-31', '2021-12-31', '3', NULL, 'terminé', 'USD', 196, '2022-04-01 08:09:07', '2022-04-11 08:50:18'),
(196, '922995167', 'NYANDWI', 'KADODO', 'AUGUSTIN', 'masculin', NULL, 'BWEREMANA', '1979-08-05', 'marié(e)', NULL, NULL, 'CONGOLAISE', NULL, NULL, 13, 'AGRICULTURE SPECIALIST/FOOD PRODUCTION', 'TSHIKAPA', '2022-03-21', '2022-08-31', '2022-08-31', '5', '11', 'en cours', 'USD', 197, '2022-04-01 08:14:25', '2022-04-18 04:59:35'),
(197, '2087890573', 'KIYANI', 'KASEREKA', 'PATRICK', 'masculin', NULL, NULL, NULL, 'celibataire', NULL, NULL, 'CONGOLAISE', NULL, NULL, 13, 'AGRICULTURE SPECIALIST/MARKET', 'TSHIKAPA', '2022-03-21', '2022-08-31', '2022-08-31', '5', '11', 'en cours', 'USD', 198, '2022-04-01 08:16:46', '2022-04-01 08:16:46'),
(198, '1613634279', 'BISIMWA', 'MURHULA', 'JEAN BOSCO', 'masculin', NULL, NULL, NULL, 'celibataire', NULL, NULL, 'CONGOLAISE', NULL, NULL, 13, 'WASH COORDINATOR', 'TSHIKAPA', '2022-03-27', '2022-08-31', '2022-08-31', '5', '5', 'en cours', 'USD undefined undefined', 199, '2022-04-01 08:19:22', '2022-05-09 07:09:30'),
(199, '1725506486', 'KAMBALE', '--', 'COSMOS', 'masculin', NULL, NULL, NULL, 'marié(e)', NULL, NULL, 'CONGOLAISE', NULL, NULL, 13, 'M&E COORDINATOR', 'TSHIKAPA', '2022-03-21', '2022-08-31', '2022-08-31', '5', '11', 'en cours', 'USD', 200, '2022-04-01 09:09:24', '2022-04-01 09:09:24'),
(200, '1539300587', 'MUGARUKA', 'CIRUMWANI', 'CHRISTOPHE', 'masculin', NULL, NULL, NULL, 'celibataire', NULL, NULL, 'CONGOLAISE', NULL, NULL, 13, 'M&E COORDINATOR', 'TSHIKAPA', '2022-03-21', '2022-08-31', '2022-08-31', '5', '5', 'en cours', 'USD', 201, '2022-04-01 09:11:49', '2022-04-01 09:11:49'),
(201, '528517776', 'BALIMO', '--', 'FIDELE', 'masculin', NULL, NULL, NULL, 'marié(e)', NULL, NULL, 'CONGOLAISE', NULL, NULL, 13, 'AGRICULTURE FIELD ASSISTANT', NULL, '2022-03-21', '2022-08-31', '2022-08-31', '5', '11', 'en cours', 'USD', 202, '2022-04-01 09:13:46', '2022-04-10 23:08:04'),
(202, '2022782036', 'SINDANI', 'MUSEMAKWELE', 'GASTON', 'masculin', NULL, NULL, NULL, 'marié(e)', NULL, NULL, 'CONGOLAISE', NULL, NULL, 13, 'AGRICULTURE FIELD ASSISTANT', 'TSHIKAPA', '2022-03-21', '2022-08-31', '2022-08-31', '5', '11', 'en cours', 'USD', 203, '2022-04-01 09:17:04', '2022-04-01 09:17:04'),
(203, '202964084', 'KATULA', 'NGOMBE', 'SALOMON', 'masculin', NULL, NULL, NULL, 'celibataire', NULL, NULL, 'CONGOLAISE', NULL, NULL, 13, 'COMMUNICATION ASSISTANT', NULL, '2022-03-21', '2022-08-31', '2022-08-31', '5', '11', 'en cours', 'USD', 204, '2022-04-01 09:18:40', '2022-04-20 04:59:59'),
(207, '575341992', 'MUGIRANEZA', 'MUTUZA', 'LAETICIA', 'feminin', NULL, 'KINSHASA', '1998-03-14', 'celibataire', NULL, NULL, 'CONGOLAISE', NULL, NULL, 15, 'STAGIAIRE EN COMMUNICATION', 'KINSHASA', '2022-04-04', '2022-07-04', '2022-07-04', '3', NULL, 'en cours', 'USD undefined', 208, '2022-04-13 06:19:57', '2022-04-14 14:13:12'),
(208, '1337340417', 'MANTETE', 'SEDU', 'NARCISE', 'masculin', NULL, NULL, NULL, 'marie', NULL, NULL, NULL, NULL, NULL, 2, 'DEPUTY NUYTRITION TECHNICAL ADVISOR', 'KINSHASA', '2022-03-24', '2022-04-30', '2022-04-30', '2', NULL, 'en cours', 'USD undefined', 209, '2022-04-13 06:25:12', '2022-04-15 08:45:37'),
(206, '742751736', 'LOKOMBE', 'BOSANGUA', 'RACHEL', 'feminin', NULL, NULL, NULL, 'celibataire', NULL, NULL, 'CONGOLAISE', NULL, NULL, 18, 'STAGIAIAIRE EN COMMUNICATION', 'KINSHASA', '2022-03-29', '2022-05-28', '2022-05-28', '2', '0', 'en cours', '135 undefined', 207, '2022-04-12 06:05:24', '2022-05-09 13:31:22'),
(209, '1509126376', 'MANDILA', 'KUCHIKHI', 'MARTIN', 'masculin', NULL, NULL, NULL, 'marié(e)', NULL, NULL, 'KENYANE', NULL, NULL, 2, 'DIRECTEUR FINANCIER', 'KINSHASA', '2022-01-01', '2022-12-31', '2022-12-31', '12', NULL, 'en cours', 'USD', 210, '2022-04-18 06:57:30', '2022-04-18 06:57:30'),
(217, '352706947', 'MUYOBOKE', 'GASUBIRANYI', 'KELVIN', 'masculin', NULL, NULL, '1990-01-22', 'marie', NULL, '2213012860', 'CONGOLAISE', NULL, NULL, 3, 'MEDECIN SUPERVISEUR', 'BUNYIAKIRI', '2021-11-18', '2022-10-31', '2022-10-31', '11', '11', 'en cours', 'USD undefined undefined', 218, '2022-04-21 12:10:59', '2022-04-21 12:19:22'),
(218, '269600438', 'KASONGO', 'MBALA', 'JOEL', 'masculin', NULL, 'N\'KENYE', '1985-08-28', 'marié(e)', NULL, NULL, 'CONGOLAISE', NULL, NULL, 3, 'SUPERVISEUR SANTE', 'LULINGU', '2021-11-18', '2022-10-31', '2022-10-31', '11', '14', 'en cours', 'USD', 219, '2022-04-21 12:17:59', '2022-04-21 12:17:59'),
(219, '1493965732', 'TSHIBOLA', 'KABASELE', 'JULES', 'masculin', NULL, 'KANANGA', '1984-06-02', 'marié(e)', NULL, NULL, 'CONGOLAISE', NULL, NULL, 3, 'MEDECIN SUPERVISEUR', 'MBULULA', '2021-10-18', '2022-10-31', '2022-10-31', '11', '14', 'en cours', 'USD', 220, '2022-04-21 12:23:45', '2022-04-21 12:23:45'),
(220, '240167923', 'NDUWAYESU', 'SEMEKO', 'PIERRE', 'masculin', NULL, 'KIBABI', '1989-09-05', 'marié(e)', NULL, NULL, '22130725884', NULL, NULL, 3, 'MEDECIN SUPERVISEUR', 'FIZI', '2021-11-29', '2022-10-31', '2022-10-31', '11', '3', 'en cours', 'USD', 221, '2022-04-21 12:54:41', '2022-04-21 12:54:41'),
(221, '259832221', 'DIONSO', 'KAPESA', 'DADDY', 'masculin', NULL, 'KINSHASA', '1979-05-06', 'marié(e)', NULL, NULL, 'CONGOLAISE', NULL, NULL, 21, 'MEDECIN COORDONATEUR', 'TSHIKAPA', '2022-04-04', '2022-12-31', '2022-12-31', '9', '0', 'en cours', '1206,53 USD', 222, '2022-04-29 11:40:15', '2022-04-29 11:40:15'),
(222, '1268719294', 'BUANYA', 'BIDUAYA', 'MOISE', 'masculin', NULL, 'KINSHASA', '1993-05-09', 'celibataire', NULL, NULL, 'CONGOLAISE', NULL, NULL, 2, 'IT PAYROLL OFFICER', 'KINSHASA', '2022-03-11', '2022-12-31', '2022-12-31', '9', '11', 'en cours', '893,18 USD', 223, '2022-05-09 06:47:28', '2022-05-09 06:47:28'),
(223, '1877300530', 'NANZIGE', 'LUCIRIHO', 'LILIANE', 'feminin', '+243898952488', 'BUKAVU', '1992-11-23', 'marié(e)', NULL, NULL, 'CONGOLAISE', 'AV. MWANGAZA, C. KADUTU', NULL, 17, 'CHARGEE DE PROPRETE', 'BUKAVU', '2022-05-02', '2022-12-31', '2022-12-31', '8', '0', 'en cours', '294,65 USD', 224, '2022-05-09 06:58:14', '2022-05-09 06:58:14'),
(224, '24683329', 'SHABANYI', 'MULOWE', 'BLAISE', 'masculin', NULL, NULL, NULL, 'celibataire', NULL, NULL, 'CONGOLAISE', NULL, NULL, 13, 'VSLA AGENT', 'TSHIKAPA', '2022-04-01', '2022-08-31', '2022-08-31', '5', '0', 'en cours', '855,39 USD', 225, '2022-05-09 07:05:58', '2022-05-09 07:05:58'),
(225, '1257484567', 'NSONGI', 'DIAMENE', 'JENNY', 'masculin', '+243821425253', NULL, '1987-08-05', 'celibataire', 'jennynsongi@gmail.com', NULL, 'CONGOLAISE', '19, AV. MIAMI, Q. NGALIEMA, C. LUBUMBASHI', NULL, 22, 'CHEF DE PROJET', 'MASISI', '2022-04-21', '2023-04-15', '2023-04-15', '11', '25', 'en cours', '1121,32 USD undefined', 226, '2022-05-09 07:25:13', '2022-05-09 07:29:18'),
(226, '1387376263', 'BAMOSHA', 'NSUNGULA-DIKOLELA', 'SERGE', 'masculin', '+243820185454', NULL, NULL, 'marié(e)', NULL, NULL, 'CONGOLAISE', NULL, NULL, 22, 'MEDECIN SUPERVISEUR', 'NORD-KIVU ET TANGANYIKA', '2022-04-21', '2023-04-15', '2023-04-15', '11', '25', 'en cours', 'USD', 227, '2022-05-09 07:33:27', '2022-05-09 07:33:27'),
(227, '1379366927', 'EKABELA', 'ENTOTU', 'FRANCKLIN', 'masculin', '+243810517785', NULL, '1980-02-29', 'marié(e)', NULL, NULL, 'CONGOLAISE', NULL, NULL, 22, 'MEDECIN SUPERVISEUR', 'MBULULA/ TANGANYIKA', '2022-04-21', '2023-04-15', '2023-04-15', '11', '25', 'en cours', '951,25 USD', 228, '2022-05-11 06:53:22', '2022-05-11 06:53:22');

-- --------------------------------------------------------

--
-- Structure de la table `conges`
--

CREATE TABLE `conges` (
  `id` bigint(20) UNSIGNED NOT NULL,
  `agent_id` bigint(20) UNSIGNED NOT NULL,
  `projet_id` bigint(20) UNSIGNED NOT NULL,
  `circonstanceConge` varchar(191) COLLATE utf8mb4_unicode_ci DEFAULT NULL,
  `totalJourPrevueConge` varchar(191) COLLATE utf8mb4_unicode_ci DEFAULT NULL,
  `congeDejaPris` varchar(250) COLLATE utf8mb4_unicode_ci DEFAULT NULL,
  `nbrJrD` varchar(250) COLLATE utf8mb4_unicode_ci DEFAULT NULL,
  `nbrJourR` varchar(250) COLLATE utf8mb4_unicode_ci DEFAULT NULL,
  `explicationConge` text COLLATE utf8mb4_unicode_ci DEFAULT NULL,
  `dateDepart` varchar(191) COLLATE utf8mb4_unicode_ci DEFAULT NULL,
  `dateRetour` varchar(191) COLLATE utf8mb4_unicode_ci DEFAULT NULL,
  `statusConge` varchar(191) COLLATE utf8mb4_unicode_ci DEFAULT NULL,
  `created_at` timestamp NULL DEFAULT NULL,
  `updated_at` timestamp NULL DEFAULT NULL
) ENGINE=MyISAM DEFAULT CHARSET=utf8mb4 COLLATE=utf8mb4_unicode_ci;

--
-- Déchargement des données de la table `conges`
--

INSERT INTO `conges` (`id`, `agent_id`, `projet_id`, `circonstanceConge`, `totalJourPrevueConge`, `congeDejaPris`, `nbrJrD`, `nbrJourR`, `explicationConge`, `dateDepart`, `dateRetour`, `statusConge`, `created_at`, `updated_at`) VALUES
(21, 58, 7, 'Congé Annuel', '17', '0', '17', '0', NULL, '2022-03-07', '2022-03-30', 'terminé', '2022-04-05 12:21:08', '2022-04-05 12:23:05'),
(22, 73, 7, 'Congé Annuel', '15', '0', '15', '0', NULL, '2022-03-01', '2022-03-22', 'terminé', '2022-04-05 12:21:54', '2022-04-05 12:23:25'),
(23, 68, 7, 'Congé Annuel', '18', '0', '18', '0', NULL, '2022-02-15', '2022-03-14', 'terminé', '2022-04-05 12:25:37', '2022-04-06 05:00:50'),
(24, 61, 7, 'Congé Annuel', '15', '0', '9', '6', NULL, '2022-03-10', '2022-03-25', 'terminé', '2022-04-05 12:26:55', '2022-04-05 12:28:07'),
(25, 99, 9, 'Congé Annuel', '18', '0', '18', '0', NULL, '2022-03-23', '2022-04-18', 'terminé', '2022-04-05 12:31:16', '2022-04-21 07:59:52'),
(26, 40, 16, 'Congé Annuel', '7', '0', '7', '0', NULL, '2022-02-01', '2022-02-10', 'terminé', '2022-04-05 12:40:08', '2022-04-06 11:57:22'),
(27, 39, 16, 'Congé Annuel', '7', '0', '3', '4', NULL, '2021-12-08', '2021-12-13', 'terminé', '2022-04-05 12:42:07', '2022-04-06 11:57:38'),
(28, 15, 2, 'Congé Annuel', '18', '0', '1', '17', NULL, '2022-02-24', '2022-02-25', 'terminé', '2022-04-05 12:56:33', '2022-04-06 11:58:22'),
(29, 10, 2, 'Congé Maladie', '15', '0', '1', '14', NULL, '2022-03-18', '2022-03-21', 'terminé', '2022-04-05 13:26:31', '2022-04-06 11:58:38'),
(30, 9, 2, 'Congé Annuel', '17', '0', '1', '16', NULL, '2022-02-15', '2022-02-16', 'terminé', '2022-04-05 13:27:33', '2022-04-06 11:59:12'),
(31, 18, 2, 'Congé Annuel', '17', '0', '1', '16', NULL, '2022-02-07', '2022-02-08', 'terminé', '2022-04-05 13:30:38', '2022-04-06 13:41:01'),
(32, 11, 2, 'Congé de Circonstance', '3', '0', '3', '0', NULL, '2022-03-21', '2022-03-24', 'terminé', '2022-04-05 13:34:16', '2022-04-06 13:41:15'),
(33, 9, 2, 'Congé Maladie', '15', '0', '1', '14', NULL, '2022-03-21', '2022-03-22', 'terminé', '2022-04-06 05:44:40', '2022-04-06 13:41:25'),
(34, 26, 2, 'Congé Annuel', '18', '3', '6', '9', '1 er congé: 1 Jrs : 07/02 au 08/02/2022-- 2 ème congé: 2 jrs 21/03 au 23/03/2022', '2022-04-08', '2022-04-18', 'terminé', '2022-04-06 05:48:49', '2022-04-18 04:20:37'),
(35, 16, 2, 'Congé Maladie', '15', '3', '4', '8', '- 3, 4, et 11 Février 2022: Premier congé malade: 3 Jours', '2022-03-10', '2022-03-15', 'terminé', '2022-04-06 05:53:52', '2022-04-12 04:30:59'),
(36, 6, 2, 'Congé Maladie', '15', '0', '1', '14', NULL, '2022-03-14', '2022-03-15', 'terminé', '2022-04-06 06:16:06', '2022-04-06 13:41:56'),
(37, 14, 2, 'Congé Annuel', '18', '0', '1', '17', NULL, '2022-01-14', '2022-01-17', 'terminé', '2022-04-06 06:18:01', '2022-04-06 13:42:09'),
(38, 20, 2, 'Congé Annuel', '5', NULL, '3', NULL, '2021: 5 jours restant de congé annuel: 3 jours pris et reste 2 jours', '2022-03-14', '2022-03-17', 'terminé', '2022-04-06 06:20:53', '2022-04-06 13:42:19'),
(39, 36, 2, 'Congé Annuel', '17', '0', '1', '16', NULL, '2022-02-21', '2022-02-22', 'terminé', '2022-04-06 06:25:09', '2022-04-12 04:53:29'),
(109, 36, 2, 'Congé Annuel', '17', '1', '1', '15', NULL, '2022-03-10', '2022-03-11', 'terminé', '2022-04-12 04:52:13', '2022-04-12 04:53:56'),
(40, 53, 6, 'Congé Annuel', '5', '0', '5', '0', NULL, '2022-03-21', '2022-03-28', 'terminé', '2022-04-06 07:22:55', '2022-04-06 13:42:42'),
(41, 51, 6, 'Congé Annuel', '8', '0', '8', '0', NULL, '2022-03-18', '2022-03-30', 'terminé', '2022-04-06 07:24:37', '2022-04-06 13:42:55'),
(42, 50, 6, 'Congé Annuel', '8', '0', '8', '0', NULL, '2022-03-07', '2022-03-17', 'terminé', '2022-04-06 07:26:58', '2022-04-06 13:43:27'),
(43, 54, 6, 'Congé Annuel', '8', '0', '8', '0', NULL, '2022-03-02', '2022-03-14', 'terminé', '2022-04-06 07:28:48', '2022-04-06 13:47:29'),
(44, 55, 6, 'Congé Annuel', '8', '0', '8', '0', NULL, '2022-02-28', '2022-03-10', 'terminé', '2022-04-06 07:33:31', '2022-04-06 13:45:21'),
(45, 52, 6, 'Congé Annuel', '8', '0', '8', '0', NULL, '2021-11-22', '2021-12-01', 'terminé', '2022-04-06 07:36:00', '2022-04-06 13:48:01'),
(46, 49, 6, 'Congé Annuel', '8', '0', '3', '5', NULL, '2021-12-27', '2022-01-05', 'terminé', '2022-04-06 07:42:25', '2022-04-06 13:48:13'),
(133, 219, 3, 'Congé Annuel', '17', '0', '12', '5', NULL, '2022-04-11', '2022-04-27', 'terminé', '2022-04-21 13:14:56', '2022-04-29 10:50:03'),
(132, 217, 3, 'Congé Annuel', '17', '0', '7', '10', NULL, '2022-02-10', '2022-02-11', 'terminé', '2022-04-21 13:12:43', '2022-04-21 13:15:50'),
(49, 41, 3, 'Congé Annuel', '17', '0', '9', '8', NULL, '2022-02-08', '2022-02-21', 'terminé', '2022-04-06 07:50:26', '2022-04-06 13:49:12'),
(50, 116, 14, 'Congé Annuel', '17', '0', '2', '15', NULL, '2022-03-10', '2022-03-14', 'terminé', '2022-04-06 07:58:55', '2022-04-06 13:49:44'),
(51, 140, 13, 'Congé Maladie', '15', '0', '3', '12', NULL, '2022-03-02', '2022-03-07', 'terminé', '2022-04-06 08:10:27', '2022-04-12 04:39:07'),
(108, 140, 13, 'Congé Maladie', '15', '3', '4', '8', NULL, '2022-03-29', '2022-04-04', 'terminé', '2022-04-12 04:41:24', '2022-04-13 05:35:43'),
(52, 126, 13, 'Congé Annuel', '27,5', '5', '21', '1,5', 'Premier congé du 05/01 au 12/01/2022', '2022-04-04', '2022-05-24', 'terminé', '2022-04-06 08:17:18', '2022-04-26 06:17:41'),
(53, 125, 13, 'Congé Annuel', '20', '5', '5', '10', 'Congé Annuel RNR;  1 : Pris de 5 jrs sur 20 jrs, reste 15 jrs : du 13/01/2022 au 20/01/2022', '2022-04-19', '2022-05-26', 'en cours', '2022-04-06 08:33:41', '2022-04-06 08:37:05'),
(54, 125, 13, 'Congé Annuel', '30', '0', '30', '0', NULL, '2022-03-07', '2022-04-18', 'terminé', '2022-04-06 08:41:13', '2022-04-20 05:49:33'),
(55, 149, 13, 'Congé Annuel', '17', '0', '22', '0', '+5 Jours de récupération congés de festivités', '2022-03-08', '2022-04-07', 'terminé', '2022-04-06 08:47:09', '2022-04-06 13:51:03'),
(56, 167, 13, 'Congé Annuel', '17', '0', '22', '0', '+5 Jours de récupération des festivités', '2022-03-08', '2022-04-07', 'terminé', '2022-04-06 09:03:12', '2022-04-06 13:53:10'),
(57, 166, 13, 'Congé Annuel', '17', '0', '22', '0', '+5 jours de récupération des festivités', '2022-03-25', '2022-04-26', 'terminé', '2022-04-06 09:05:12', '2022-04-29 10:50:45'),
(58, 175, 13, 'Congé Annuel', '17', '0', '17', '0', NULL, '2022-03-01', '2022-03-24', 'terminé', '2022-04-06 09:07:30', '2022-04-06 13:52:02'),
(59, 127, 13, 'Congé Annuel', '17', '10', '13', '0', '+6 jours de récupération des jours fériés', '2022-03-14', '2022-03-31', 'terminé', '2022-04-06 09:11:03', '2022-04-06 13:52:16'),
(60, 173, 13, 'Congé Annuel', '17', '0', '22', '0', '+5 jours de récupération des festivités', '2022-03-22', '2022-04-21', 'terminé', '2022-04-06 09:13:14', '2022-04-21 08:00:28'),
(61, 177, 13, 'Congé Annuel', '14', '0', '16', '0', '+2 jours de récupération (accompagner l\'équipe de l\'unikin pour le prélèvement des échantillons)', '2022-03-29', '2022-04-20', 'terminé', '2022-04-06 09:18:12', '2022-04-20 05:44:52'),
(62, 123, 13, 'Congé Annuel', '47', '0', '17', '30', NULL, '2021-11-22', '2021-12-15', 'terminé', '2022-04-06 09:20:07', '2022-04-06 13:52:33'),
(63, 176, 13, 'Congé Annuel', '17', '0', '22', '0', '+5 jours des congés de festivités', '2022-02-08', '2021-03-10', 'terminé', '2022-04-06 09:22:36', '2022-04-06 13:53:45'),
(64, 181, 13, 'Congé Annuel', '15', '0', '10', '5', NULL, '2022-01-06', '2021-01-20', 'terminé', '2022-04-06 09:25:08', '2022-04-06 13:54:08'),
(65, 178, 13, 'Congé Annuel', '14', '0', '14', '0', NULL, '2021-12-14', '2021-01-04', 'terminé', '2022-04-06 09:26:44', '2022-04-06 13:54:20'),
(66, 197, 13, 'Congé Annuel', '9', '0', '9', '0', NULL, '2022-01-05', '2022-01-12', 'terminé', '2022-04-06 09:37:20', '2022-04-06 13:54:41'),
(67, 195, 13, 'Congé Annuel', '5', '0', '5', '0', NULL, '2021-12-20', '2021-12-27', 'terminé', '2022-04-06 09:38:59', '2022-04-06 13:54:57'),
(98, 124, 13, 'Congé Annuel', '36', '0', '36', '0', '+19 restant dans le projet FADREC 3', '2022-02-14', '2022-04-05', 'terminé', '2022-04-07 04:20:12', '2022-04-07 04:38:34'),
(69, 165, 13, 'Congé Annuel', '17', '0', '17', '0', NULL, '2021-12-21', '2022-01-14', 'terminé', '2022-04-06 09:40:44', '2022-04-06 14:03:29'),
(70, 150, 13, 'Congé Annuel', '22', '0', '10', '12', 'y compris ces 5 jours de congés des festivités', '2021-12-06', '2021-12-20', 'terminé', '2022-04-06 09:43:10', '2022-05-03 07:24:09'),
(71, 164, 13, 'Congé Annuel', '15', '0', '7', '8', NULL, '2021-11-29', '2021-12-08', 'terminé', '2022-04-06 09:48:29', '2022-04-06 14:05:39'),
(72, 184, 13, 'Congé Annuel', '5', '0', '5', '0', NULL, '2021-11-30', '2021-12-07', 'terminé', '2022-04-06 09:50:04', '2022-04-06 14:05:48'),
(73, 129, 13, 'Congé Annuel', '17', '0', '17', '0', NULL, '2021-12-13', '2022-01-06', 'terminé', '2022-04-06 09:52:12', '2022-04-07 04:05:32'),
(74, 135, 13, 'Congé Annuel', '14', '0', '8', '6', NULL, '2021-12-28', '2022-01-10', 'terminé', '2022-04-06 09:54:19', '2022-04-06 13:58:28'),
(75, 170, 13, 'Congé Annuel', '17', '0', '17', '0', NULL, '2021-12-14', '2022-01-07', 'terminé', '2022-04-06 09:57:59', '2022-04-06 14:06:04'),
(76, 133, 13, 'Congé Annuel', '8', '0', '8', '0', NULL, '2021-12-28', '2022-01-10', 'terminé', '2022-04-06 10:04:47', '2022-04-06 14:06:14'),
(77, 142, 13, 'Congé Annuel', '5', '0', '5', '0', NULL, '2021-12-24', '2021-12-31', 'terminé', '2022-04-06 10:05:54', '2022-04-06 14:06:33'),
(78, 137, 13, 'Congé Annuel', '17', '0', '17', '0', NULL, '2021-12-28', '2022-01-21', 'terminé', '2022-04-06 10:07:09', '2022-04-06 14:07:07'),
(79, 191, 13, 'Congé Annuel', '5', '0', '5', '0', NULL, '2021-12-21', '2021-11-29', 'terminé', '2022-04-06 10:10:25', '2022-04-06 14:07:17'),
(80, 182, 13, 'Congé Annuel', '5', '0', '5', '0', NULL, '2021-12-23', '2021-12-30', 'terminé', '2022-04-06 10:12:09', '2022-04-06 14:07:25'),
(81, 190, 13, 'Congé Annuel', '5', '0', '5', '0', NULL, '2021-12-10', '2021-12-17', 'terminé', '2022-04-06 10:13:20', '2022-04-06 14:07:34'),
(82, 193, 13, 'Congé Annuel', '5', '0', '5', '0', NULL, '2021-12-14', '2021-12-21', 'terminé', '2022-04-06 10:14:11', '2022-04-06 14:07:41'),
(83, 195, 13, 'Congé de Circonstance', '3', '0', '3', '0', 'Célébration du Mariage', '2021-12-14', '2021-12-17', 'terminé', '2022-04-06 10:21:50', '2022-04-06 14:07:52'),
(84, 187, 13, 'Congé de Circonstance', '5', '0', '5', '0', NULL, '2021-12-14', '2021-12-21', 'terminé', '2022-04-06 10:23:16', '2022-04-06 14:09:03'),
(85, 186, 13, 'Congé de Circonstance', '5', '0', '5', '0', NULL, '2021-12-21', '2021-12-28', 'terminé', '2022-04-06 10:25:15', '2022-04-06 14:09:11'),
(86, 189, 13, 'Congé de Circonstance', '5', '0', '5', '0', NULL, '2021-12-14', '2021-12-21', 'terminé', '2022-04-06 10:25:55', '2022-04-06 14:09:19'),
(87, 192, 13, 'Congé de Circonstance', '5', '0', '5', '0', NULL, '2021-12-23', '2021-12-30', 'terminé', '2022-04-06 10:26:35', '2022-04-06 14:09:36'),
(88, 145, 13, 'Congé Annuel', '17', '0', '17', '0', NULL, '2021-10-22', '2021-11-16', 'terminé', '2022-04-06 10:28:33', '2022-04-06 14:09:45'),
(89, 184, 13, 'Congé de Circonstance', '3', '0', '3', '0', 'Congé de paternité', '2021-11-24', '2021-11-29', 'terminé', '2022-04-06 10:32:11', '2022-04-06 14:09:58'),
(90, 194, 13, 'Congé Annuel', '5', '0', '5', '0', 'Congé de paternité', '2021-11-17', '2021-11-24', 'terminé', '2022-04-06 10:32:57', '2022-04-07 04:05:59'),
(91, 162, 13, 'Congé Annuel', '17', '0', '10', '7', NULL, '2021-11-22', '2021-12-06', 'terminé', '2022-04-06 10:34:41', '2022-04-07 04:07:55'),
(92, 185, 13, 'Congé Annuel', '5', '0', '5', '0', NULL, '2021-11-01', '2021-11-08', 'terminé', '2022-04-06 10:36:07', '2022-04-06 14:01:53'),
(93, 188, 13, 'Congé de Circonstance', '5', '0', '5', '0', 'Décès de mon petit frère', '2021-11-01', '2021-11-08', 'terminé', '2022-04-06 10:38:50', '2022-04-06 14:01:09'),
(94, 140, 13, 'Congé Annuel', '19', '3', '14', '2', '+4 jours restant pour les contrats de 2020 et 2021', '2021-12-23', '2022-01-12', 'terminé', '2022-04-06 11:09:32', '2022-04-12 04:46:18'),
(95, 146, 13, 'Congé Annuel', '17', '0', '17', '0', '+5 jours de récupération des festivités dont il n\'a pas exprimer sur la fiche', '2022-02-07', '2022-03-02', 'terminé', '2022-04-06 11:36:34', '2022-04-06 13:59:22'),
(96, 128, 13, 'Congé de Circonstance', '5', '0', '5', '0', 'Décès de mon père biologique à Kinshasa', '2022-02-08', '2022-02-15', 'terminé', '2022-04-06 11:40:59', '2022-04-06 13:59:08'),
(97, 128, 13, 'Congé Annuel', '17', '4', '5', '8', NULL, '2022-02-01', '2022-02-08', 'terminé', '2022-04-06 11:42:27', '2022-04-06 13:58:56'),
(99, 174, 13, 'Congé Annuel', '17', '0', '23', '0', '+4 Jours de restant dans le projet FADREC III et 2 Jours de voyage aller-retour', '2022-03-15', '2022-04-15', 'terminé', '2022-04-07 04:36:01', '2022-04-20 05:44:24'),
(100, 32, 2, 'Congé Maladie', '15', '0', '1', '14', NULL, '2022-04-01', '2022-04-04', 'terminé', '2022-04-07 06:59:54', '2022-04-07 13:16:08'),
(101, 32, 2, 'Congé Annuel', '17', '0', '1', '16', NULL, '2022-04-07', '2022-04-08', 'terminé', '2022-04-07 07:00:49', '2022-04-08 09:37:17'),
(102, 17, 2, 'Congé Annuel', '17', '0', '5', '12', NULL, '2022-04-11', '2022-04-18', 'terminé', '2022-04-07 13:06:48', '2022-04-18 04:20:20'),
(103, 14, 2, 'Congé Annuel', '18', '1', '5', '12', NULL, '2022-04-11', '2022-04-18', 'terminé', '2022-04-08 09:54:12', '2022-04-18 04:20:10'),
(104, 59, 7, 'Congé Annuel', '17', '0', '10', '7', 'Y Compris 1 Jour de voyage', '2022-04-25', '2022-05-10', 'en cours', '2022-04-11 11:20:31', '2022-04-11 11:20:31'),
(105, 6, 2, 'Congé Maladie', '15', '1', '6', '8', NULL, '2022-04-01', '2022-04-08', 'terminé', '2022-04-12 04:16:23', '2022-04-12 04:20:12'),
(106, 26, 2, 'Congé Annuel', '18', '0', '1', '17', NULL, '2022-02-07', '2022-02-08', 'terminé', '2022-04-12 04:18:34', '2022-04-12 04:19:09'),
(107, 16, 2, 'Congé Maladie', '15', '0', '3', '12', 'Congé le 3,4 et 11 Février, date retour lundi 7 et 14 Février 2022', '2022-02-03', '2022-02-14', 'terminé', '2022-04-12 04:27:58', '2022-04-12 04:28:14'),
(110, 26, 2, 'Congé Annuel', '18', '1', '2', '15', NULL, '2022-03-21', '2022-03-23', 'terminé', '2022-04-12 05:00:33', '2022-04-12 05:01:12'),
(111, 39, 16, 'Congé Annuel', '9', '3', '6', '0', NULL, '2022-04-13', '2022-04-21', 'terminé', '2022-04-12 13:01:16', '2022-04-21 07:59:24'),
(112, 92, 9, 'Congé Annuel', '18', '0', '18', '0', NULL, '2022-07-06', '2022-08-01', 'en cours', '2022-04-13 05:24:42', '2022-04-13 05:26:18'),
(113, 93, 9, 'Congé Annuel', '18', '0', '18', '0', NULL, '2022-04-27', '2022-05-23', 'en cours', '2022-04-13 05:25:54', '2022-04-13 05:25:54'),
(114, 94, 9, 'Congé Annuel', '18', '0', '18', '0', NULL, '2022-10-03', '2022-10-27', 'en cours', '2022-04-13 05:27:29', '2022-04-13 05:27:29'),
(115, 95, 9, 'Congé Annuel', '18', '0', '18', '0', NULL, '2022-09-06', '2022-09-30', 'en cours', '2022-04-13 05:28:10', '2022-04-13 05:28:10'),
(116, 98, 9, 'Congé Annuel', '18', '0', '18', '0', NULL, '2022-06-29', '2022-07-26', 'en cours', '2022-04-13 05:29:04', '2022-04-13 05:29:04'),
(117, 97, 9, 'Congé Annuel', '18', '0', '18', '0', NULL, '2022-08-05', '2022-08-31', 'en cours', '2022-04-13 05:29:41', '2022-04-13 05:29:41'),
(118, 96, 9, 'Congé Annuel', '18', '0', '18', '0', NULL, '2022-05-30', '2022-06-23', 'en cours', '2022-04-13 05:30:41', '2022-04-13 05:30:41'),
(119, 102, 9, 'Congé Annuel', '18', '0', '18', '0', NULL, '2022-07-11', '2022-08-04', 'en cours', '2022-04-13 05:31:27', '2022-04-13 05:32:06'),
(120, 101, 9, 'Congé Annuel', '18', '0', '18', '0', NULL, '2022-07-06', '2022-08-01', 'en cours', '2022-04-13 05:33:05', '2022-04-13 05:33:05'),
(121, 104, 9, 'Congé Annuel', '18', '0', '18', '0', NULL, '2022-09-26', '2022-10-20', 'en cours', '2022-04-13 05:33:40', '2022-04-13 05:33:40'),
(122, 103, 9, 'Congé Annuel', '18', '0', '18', '0', NULL, '2022-05-16', '2022-06-10', 'en cours', '2022-04-13 05:34:22', '2022-05-10 10:05:36'),
(123, 6, 2, 'Congé Annuel', '21', '0', '1', '20', 'y compris les 5 jours restant de l\'année passée', '2022-04-12', '2022-04-13', 'terminé', '2022-04-13 09:01:38', '2022-04-13 09:01:51'),
(124, 100, 9, 'Congé Annuel', '18', '0', '18', '0', NULL, '2022-04-01', '2022-04-27', 'terminé', '2022-04-14 04:54:29', '2022-04-29 10:51:19'),
(125, 183, 13, 'Congé Annuel', '8', '0', '8', '0', NULL, '2022-04-13', '2022-04-25', 'terminé', '2022-04-14 13:05:48', '2022-04-26 06:18:08'),
(126, 157, 13, 'Congé Annuel', '22', '0', '22', '0', '+ 5 Jours de festivités', '2022-04-18', '2022-05-18', 'en cours', '2022-04-14 13:09:46', '2022-04-14 13:09:46'),
(127, 163, 13, 'Congé Annuel', '22', '0', '14', '8', 'Y compris les 5 Jours de festivités de l\'année 2021', '2022-04-12', '2022-05-02', 'terminé', '2022-04-14 13:13:20', '2022-05-03 07:11:54'),
(128, 180, 13, 'Congé Annuel', '15', '0', '15', '0', NULL, '2022-04-12', '2022-05-03', 'terminé', '2022-04-15 05:30:30', '2022-05-03 07:12:05'),
(129, 152, 13, 'Congé Annuel', '30', '0', '30', '0', 'y compris les 13 jours de récupération de congés de l\'année 2021', '2022-04-20', '2022-06-06', 'en cours', '2022-04-15 05:33:20', '2022-04-15 05:33:20'),
(130, 123, 13, 'Congé Annuel', '47', '17', '30', '0', NULL, '2022-04-18', '2022-05-09', 'en cours', '2022-04-18 11:16:28', '2022-04-18 11:16:28'),
(131, 16, 2, 'Congé Maladie', '15', '6', '9', '0', NULL, '2022-03-23', '2022-04-11', 'terminé', '2022-04-19 04:33:25', '2022-04-19 04:34:21'),
(134, 32, 2, 'Congé Annuel', '17', '1', '2', '14', NULL, '2022-04-21', '2022-04-25', 'terminé', '2022-04-26 06:16:56', '2022-04-26 06:17:19'),
(135, 160, 13, 'Congé Annuel', '22', '0', '22', '0', 'y compris ces 5 jours de récupération congé de festivités', '2022-05-02', '2022-06-09', 'en cours', '2022-04-26 06:23:08', '2022-04-26 06:23:08'),
(136, 158, 13, 'Congé Annuel', '22', '0', '22', '0', 'y compris les 5 jours de congé de festivités', '2022-04-26', '2022-05-26', 'en cours', '2022-04-26 06:25:34', '2022-04-26 06:25:34'),
(137, 16, 2, 'Congé Annuel', '17', '0', '17', '0', NULL, '2022-04-19', '2022-05-12', 'en cours', '2022-04-26 06:56:26', '2022-04-26 06:56:26'),
(138, 32, 2, 'Congé Annuel', '17', '5', '3', '9', NULL, '2022-05-04', '2022-05-11', 'en cours', '2022-05-03 07:06:33', '2022-05-03 07:06:33'),
(139, 14, 2, 'Congé Annuel', '18', '6', '1', '11', NULL, '2022-04-28', '2022-04-29', 'terminé', '2022-05-03 07:09:23', '2022-05-03 07:12:42'),
(140, 10, 2, 'Congé Maladie', '15', '3', '2', '10', NULL, '2022-04-28', '2022-05-02', 'terminé', '2022-05-03 07:10:41', '2022-05-03 07:13:15'),
(141, 148, 13, 'Congé Annuel', '22', '0', '22', '0', NULL, '2022-05-03', '2022-06-03', 'en cours', '2022-05-03 07:20:15', '2022-05-03 07:20:15'),
(142, 150, 13, 'Congé Annuel', '22', '10', '12', '0', NULL, '2022-05-02', '2022-05-18', 'en cours', '2022-05-03 07:25:02', '2022-05-03 07:25:02'),
(143, 222, 2, 'Congé Annuel', '14', '0', '1', '13', NULL, '2022-05-02', '2022-05-03', 'terminé', '2022-05-09 06:49:01', '2022-05-09 06:49:15'),
(144, 6, 2, 'Congé Maladie', '15', '7', '1', '7', NULL, '2022-05-09', '2022-05-10', 'terminé', '2022-05-11 08:01:09', '2022-05-11 08:01:41');

-- --------------------------------------------------------

--
-- Structure de la table `failed_jobs`
--

CREATE TABLE `failed_jobs` (
  `id` bigint(20) UNSIGNED NOT NULL,
  `uuid` varchar(191) COLLATE utf8mb4_unicode_ci NOT NULL,
  `connection` text COLLATE utf8mb4_unicode_ci NOT NULL,
  `queue` text COLLATE utf8mb4_unicode_ci NOT NULL,
  `payload` longtext COLLATE utf8mb4_unicode_ci NOT NULL,
  `exception` longtext COLLATE utf8mb4_unicode_ci NOT NULL,
  `failed_at` timestamp NOT NULL DEFAULT current_timestamp()
) ENGINE=MyISAM DEFAULT CHARSET=utf8mb4 COLLATE=utf8mb4_unicode_ci;

-- --------------------------------------------------------

--
-- Structure de la table `migrations`
--

CREATE TABLE `migrations` (
  `id` int(10) UNSIGNED NOT NULL,
  `migration` varchar(191) COLLATE utf8mb4_unicode_ci NOT NULL,
  `batch` int(11) NOT NULL
) ENGINE=MyISAM DEFAULT CHARSET=utf8mb4 COLLATE=utf8mb4_unicode_ci;

--
-- Déchargement des données de la table `migrations`
--

INSERT INTO `migrations` (`id`, `migration`, `batch`) VALUES
(1, '2014_10_12_000000_create_users_table', 1),
(2, '2014_10_12_100000_create_password_resets_table', 1),
(3, '2019_08_19_000000_create_failed_jobs_table', 1),
(4, '2019_12_14_000001_create_personal_access_tokens_table', 1),
(5, '2022_03_13_125139_create_projets_table', 1),
(6, '2022_03_13_202721_create_agents_table', 1),
(7, '2022_03_15_173530_create_conges_table', 1);

-- --------------------------------------------------------

--
-- Structure de la table `password_resets`
--

CREATE TABLE `password_resets` (
  `email` varchar(191) COLLATE utf8mb4_unicode_ci NOT NULL,
  `token` varchar(191) COLLATE utf8mb4_unicode_ci NOT NULL,
  `created_at` timestamp NULL DEFAULT NULL
) ENGINE=MyISAM DEFAULT CHARSET=utf8mb4 COLLATE=utf8mb4_unicode_ci;

-- --------------------------------------------------------

--
-- Structure de la table `personal_access_tokens`
--

CREATE TABLE `personal_access_tokens` (
  `id` bigint(20) UNSIGNED NOT NULL,
  `tokenable_type` varchar(191) COLLATE utf8mb4_unicode_ci NOT NULL,
  `tokenable_id` bigint(20) UNSIGNED NOT NULL,
  `name` varchar(191) COLLATE utf8mb4_unicode_ci NOT NULL,
  `token` varchar(64) COLLATE utf8mb4_unicode_ci NOT NULL,
  `abilities` text COLLATE utf8mb4_unicode_ci DEFAULT NULL,
  `last_used_at` timestamp NULL DEFAULT NULL,
  `created_at` timestamp NULL DEFAULT NULL,
  `updated_at` timestamp NULL DEFAULT NULL
) ENGINE=MyISAM DEFAULT CHARSET=utf8mb4 COLLATE=utf8mb4_unicode_ci;

-- --------------------------------------------------------

--
-- Structure de la table `piecejointes`
--

CREATE TABLE `piecejointes` (
  `id` int(11) NOT NULL,
  `agent_id` int(11) NOT NULL,
  `nomPiecejointe` varchar(191) DEFAULT NULL,
  `documentsAgnet` varchar(191) DEFAULT NULL,
  `created_at` timestamp NULL DEFAULT NULL,
  `updated_at` timestamp NULL DEFAULT NULL
) ENGINE=InnoDB DEFAULT CHARSET=latin1;

-- --------------------------------------------------------

--
-- Structure de la table `projets`
--

CREATE TABLE `projets` (
  `id` bigint(20) UNSIGNED NOT NULL,
  `numeroProjet` varchar(191) COLLATE utf8mb4_unicode_ci DEFAULT NULL,
  `intituleProjet` varchar(191) COLLATE utf8mb4_unicode_ci NOT NULL,
  `dateProjet` varchar(191) COLLATE utf8mb4_unicode_ci NOT NULL,
  `dateFinProjet` varchar(191) COLLATE utf8mb4_unicode_ci NOT NULL,
  `lieuProjet` varchar(191) COLLATE utf8mb4_unicode_ci NOT NULL,
  `status` varchar(191) COLLATE utf8mb4_unicode_ci DEFAULT NULL,
  `user_id` bigint(20) UNSIGNED NOT NULL,
  `created_at` timestamp NULL DEFAULT NULL,
  `updated_at` timestamp NULL DEFAULT NULL
) ENGINE=MyISAM DEFAULT CHARSET=utf8mb4 COLLATE=utf8mb4_unicode_ci;

--
-- Déchargement des données de la table `projets`
--

INSERT INTO `projets` (`id`, `numeroProjet`, `intituleProjet`, `dateProjet`, `dateFinProjet`, `lieuProjet`, `status`, `user_id`, `created_at`, `updated_at`) VALUES
(2, '000000', 'ADMIN KIN 2022', '2022-01-01', '2022-12-31', 'KINSHASA', 'en cours', 1, '2022-03-18 15:19:18', '2022-04-12 05:43:00'),
(3, '000000', 'UNFPA TANGANYIKA/SUD-KIVU', '2021-11-18', '2022-10-04', 'KALEMIE-BUKAVU', 'en cours', 1, '2022-03-22 13:50:29', '2022-04-21 12:05:43'),
(5, '000000', 'ABRIS SECAL ACTED 2022', '2022-03-01', '2022-12-31', 'TSHIKAPA', 'en cours', 1, '2022-03-22 13:55:54', '2022-05-02 04:46:29'),
(6, '000000', 'NAC TSHOPO', '2021-11-01', '2022-04-14', 'TSHOPO', 'terminé', 1, '2022-03-22 13:57:30', '2022-04-14 06:12:42'),
(7, '000000', 'FH SANTE SALAMABILA', '2021-09-14', '2022-08-31', 'SALAMABILA', 'encours', 1, '2022-03-22 13:59:47', '2022-03-22 13:59:47'),
(8, '000000', 'ADMIN HFL 2022', '2022-01-01', '2022-12-31', 'KINSHASA', 'en cours', 1, '2022-03-22 14:02:36', '2022-04-12 05:43:21'),
(9, '000000', 'SANRU', '2022-01-02', '2022-12-31', 'BOENDE', 'encours', 1, '2022-03-22 14:04:22', '2022-03-22 14:04:22'),
(10, '000000', 'ADMIN  BRIKAS 2022', '2022-01-01', '2022-12-31', 'KASANGULU', 'en cours', 1, '2022-03-22 14:07:41', '2022-04-12 05:43:36'),
(11, '000000', 'ADMIN  LUBUMBASHI 2022', '2022-01-11', '2022-12-31', 'LUBUMBASHI', 'en cours', 1, '2022-03-22 14:15:54', '2022-04-12 05:43:47'),
(12, '000000', 'ADMIN  GOMA 2022', '2022-01-01', '2022-12-31', 'GOMA', 'en cours', 1, '2022-03-22 14:16:56', '2022-04-12 05:44:00'),
(13, '000000', 'BUREKA', '2021-10-01', '2022-08-31', 'TSHIKAPA', 'encours', 1, '2022-03-22 14:24:44', '2022-03-22 14:24:44'),
(14, '000000', 'ADMIN  BUNIA 2022', '2022-01-10', '2022-12-31', 'BUNIA', 'en cours', 1, '2022-03-23 05:36:10', '2022-05-02 04:45:53'),
(15, '000000', 'SATAGE PRO  KIN 2022', '2022-01-01', '2022-07-04', 'KINSHASA', 'en cours', 1, '2022-03-23 05:38:04', '2022-04-29 11:00:03'),
(16, '000000', 'BELGIQUE/KINGABWA', '2021-11-01', '2022-04-30', 'KINSHASA', 'terminé', 1, '2022-03-28 07:38:46', '2022-04-29 11:00:29'),
(17, '000000', 'ADMIN BUKAVU 2022', '2022-03-01', '2022-12-31', 'BUKAVU', 'en cours', 1, '2022-03-31 08:21:17', '2022-04-12 05:44:23'),
(18, '000000', 'STAGE ACA KIN 2022', '2022-01-01', '2022-05-28', 'KINSHASA', 'terminé', 1, '2022-04-12 05:47:23', '2022-05-09 13:29:09'),
(21, '000000', 'UNFPA KASAI', '2022-04-04', '2022-12-31', 'TSHIKAPA', 'en cours', 1, '2022-04-29 10:56:22', '2022-04-29 10:56:22'),
(22, '000000', 'SANTE OMS 2022', '2022-04-21', '2023-04-15', 'MASISI-TANGANYI', 'en cours', 1, '2022-05-09 07:18:19', '2022-05-09 07:28:16');

-- --------------------------------------------------------

--
-- Structure de la table `users`
--

CREATE TABLE `users` (
  `id` bigint(20) UNSIGNED NOT NULL,
  `nom` varchar(191) COLLATE utf8mb4_unicode_ci NOT NULL DEFAULT 'Adra',
  `postnom` varchar(191) COLLATE utf8mb4_unicode_ci NOT NULL DEFAULT 'ONG',
  `email` varchar(191) COLLATE utf8mb4_unicode_ci NOT NULL,
  `pseudo` varchar(191) COLLATE utf8mb4_unicode_ci NOT NULL DEFAULT 'admin1',
  `role` varchar(191) COLLATE utf8mb4_unicode_ci NOT NULL DEFAULT 'agent',
  `status` varchar(191) COLLATE utf8mb4_unicode_ci NOT NULL DEFAULT 'active',
  `email_verified_at` timestamp NULL DEFAULT NULL,
  `password` varchar(191) COLLATE utf8mb4_unicode_ci NOT NULL,
  `remember_token` varchar(100) COLLATE utf8mb4_unicode_ci DEFAULT NULL,
  `created_at` timestamp NULL DEFAULT NULL,
  `updated_at` timestamp NULL DEFAULT NULL
) ENGINE=MyISAM DEFAULT CHARSET=utf8mb4 COLLATE=utf8mb4_unicode_ci;

--
-- Déchargement des données de la table `users`
--

INSERT INTO `users` (`id`, `nom`, `postnom`, `email`, `pseudo`, `role`, `status`, `email_verified_at`, `password`, `remember_token`, `created_at`, `updated_at`) VALUES
(1, 'Adra', 'ONG', 'admin@gmail.com', 'admin', 'admin', 'active', '2022-03-18 12:30:20', '$2y$10$92IXUNpkjO0rOQ5byMi.Ye4oKoEa3Ro9llC/.og/at2.uheWG/igi', 'SDFeZR7PF2WjpSs3MScGcUom8A9usAnOE5wEyAZIL1QnOzh3N5ZtWKhyulL3', NULL, NULL),
(2, 'm1', 'css', '8236245981822@gmail.com', 'm123', 'agent', 'active', NULL, '$2y$10$92IXUNpkjO0rOQ5byMi.Ye4oKoEa3Ro9llC/.og/at2.uheWG/igi', NULL, '2022-03-18 12:40:33', '2022-03-18 12:40:33'),
(3, 'FFF', '--', '10279046831822@gmail.com', 'FFF78', 'agent', 'active', NULL, '$2y$10$92IXUNpkjO0rOQ5byMi.Ye4oKoEa3Ro9llC/.og/at2.uheWG/igi', NULL, '2022-03-18 15:21:27', '2022-03-18 15:21:27'),
(4, 'FFF', 'gg', '11389031162222@gmail.com', 'FFF99', 'agent', 'active', NULL, '$2y$10$92IXUNpkjO0rOQ5byMi.Ye4oKoEa3Ro9llC/.og/at2.uheWG/igi', NULL, '2022-03-22 20:44:05', '2022-03-22 20:44:05'),
(5, 'FFF', '--', '11284167492322@gmail.com', 'FFF64', 'agent', 'active', NULL, '$2y$10$92IXUNpkjO0rOQ5byMi.Ye4oKoEa3Ro9llC/.og/at2.uheWG/igi', NULL, '2022-03-23 02:24:06', '2022-03-23 02:24:06'),
(6, 'LONGE', 'OMASUMBU', '8882520992322@gmail.com', 'LONGE77', 'agent', 'active', NULL, '$2y$10$92IXUNpkjO0rOQ5byMi.Ye4oKoEa3Ro9llC/.og/at2.uheWG/igi', NULL, '2022-03-23 05:49:08', '2022-03-23 10:31:37'),
(7, 'MATONDO', 'MUYENGE', '17282291732322@gmail.com', 'MATONDO12', 'agent', 'active', NULL, '$2y$10$92IXUNpkjO0rOQ5byMi.Ye4oKoEa3Ro9llC/.og/at2.uheWG/igi', NULL, '2022-03-23 07:00:46', '2022-03-23 10:43:49'),
(8, 'GUSHIMANA', 'MANDJOLO', '2162669062322@gmail.com', 'GUSHIMANA79', 'agent', 'active', NULL, '$2y$10$92IXUNpkjO0rOQ5byMi.Ye4oKoEa3Ro9llC/.og/at2.uheWG/igi', NULL, '2022-03-23 10:58:44', '2022-03-23 11:00:52'),
(9, 'BIOMANA', 'WA BIANGUNGI', '857957182322@gmail.com', 'BIOMANA100', 'agent', 'active', NULL, '$2y$10$92IXUNpkjO0rOQ5byMi.Ye4oKoEa3Ro9llC/.og/at2.uheWG/igi', NULL, '2022-03-23 11:11:03', '2022-03-23 11:11:03'),
(10, 'MUNYABARENZI', 'MBIZI', '20133975492422@gmail.com', 'MUNYABARENZI97', 'agent', 'active', NULL, '$2y$10$92IXUNpkjO0rOQ5byMi.Ye4oKoEa3Ro9llC/.og/at2.uheWG/igi', NULL, '2022-03-23 11:21:42', '2022-03-24 05:47:40'),
(11, 'UWAMAHORO', 'BIZIMANA', '9363865722322@gmail.com', 'UWAMAHORO3', 'agent', 'active', NULL, '$2y$10$92IXUNpkjO0rOQ5byMi.Ye4oKoEa3Ro9llC/.og/at2.uheWG/igi', NULL, '2022-03-23 11:38:17', '2022-03-23 11:38:17'),
(12, 'TSHITADI', 'NAPITA', '14927001792322@gmail.com', 'TSHITADI82', 'agent', 'active', NULL, '$2y$10$92IXUNpkjO0rOQ5byMi.Ye4oKoEa3Ro9llC/.og/at2.uheWG/igi', NULL, '2022-03-23 11:48:43', '2022-03-23 11:48:43'),
(13, 'FASO', 'SHINDANI', '6433292822322@gmail.com', 'FASO71', 'agent', 'active', NULL, '$2y$10$92IXUNpkjO0rOQ5byMi.Ye4oKoEa3Ro9llC/.og/at2.uheWG/igi', NULL, '2022-03-23 12:00:49', '2022-03-23 12:00:49'),
(14, 'LUVUNGU', 'KONDI', '1142378382322@gmail.com', 'LUVUNGU96', 'agent', 'active', NULL, '$2y$10$92IXUNpkjO0rOQ5byMi.Ye4oKoEa3Ro9llC/.og/at2.uheWG/igi', NULL, '2022-03-23 12:20:57', '2022-03-23 12:20:57'),
(15, 'DIASIKILA', 'KINKELA', '9055377522322@gmail.com', 'DIASIKILA57', 'agent', 'active', NULL, '$2y$10$92IXUNpkjO0rOQ5byMi.Ye4oKoEa3Ro9llC/.og/at2.uheWG/igi', NULL, '2022-03-23 12:33:47', '2022-03-23 12:33:47'),
(16, 'DIHO', 'YENGOLA', '6294154432322@gmail.com', 'DIHO17', 'agent', 'active', NULL, '$2y$10$92IXUNpkjO0rOQ5byMi.Ye4oKoEa3Ro9llC/.og/at2.uheWG/igi', NULL, '2022-03-23 12:48:50', '2022-03-23 12:48:50'),
(17, 'BUSAKI', 'MATUMBA', '2575161832322@gmail.com', 'BUSAKI89', 'agent', 'active', NULL, '$2y$10$92IXUNpkjO0rOQ5byMi.Ye4oKoEa3Ro9llC/.og/at2.uheWG/igi', NULL, '2022-03-23 13:23:14', '2022-03-23 13:23:14'),
(18, 'MAYILA', 'KINDA', '14916143122322@gmail.com', 'MAYILA28', 'agent', 'active', NULL, '$2y$10$92IXUNpkjO0rOQ5byMi.Ye4oKoEa3Ro9llC/.og/at2.uheWG/igi', NULL, '2022-03-23 14:00:44', '2022-03-23 14:00:44'),
(19, 'MUSHIYA', 'TSHIMANGA', '12487610732322@gmail.com', 'MUSHIYA62', 'agent', 'active', NULL, '$2y$10$92IXUNpkjO0rOQ5byMi.Ye4oKoEa3Ro9llC/.og/at2.uheWG/igi', NULL, '2022-03-23 14:09:10', '2022-03-23 14:09:10'),
(20, 'MATA', 'MAKWALA', '10269704861322@gmail.com', 'MATA75', 'agent', 'active', NULL, '$2y$10$92IXUNpkjO0rOQ5byMi.Ye4oKoEa3Ro9llC/.og/at2.uheWG/igi', NULL, '2022-03-23 14:18:25', '2022-04-13 06:27:13'),
(21, 'TSUMBU', 'SAMBIANDI', '8326579862322@gmail.com', 'TSUMBU51', 'agent', 'active', NULL, '$2y$10$92IXUNpkjO0rOQ5byMi.Ye4oKoEa3Ro9llC/.og/at2.uheWG/igi', NULL, '2022-03-23 14:27:41', '2022-03-23 14:27:41'),
(22, 'LUFUMBWA', 'BALILO', '2025480762322@gmail.com', 'LUFUMBWA50', 'agent', 'active', NULL, '$2y$10$92IXUNpkjO0rOQ5byMi.Ye4oKoEa3Ro9llC/.og/at2.uheWG/igi', NULL, '2022-03-23 14:40:14', '2022-03-23 14:40:14'),
(23, 'LYDIE', '--', '1842643802722@gmail.com', 'LYDIE40', 'agent', 'active', NULL, '$2y$10$92IXUNpkjO0rOQ5byMi.Ye4oKoEa3Ro9llC/.og/at2.uheWG/igi', NULL, '2022-03-27 14:46:53', '2022-03-27 14:50:11'),
(24, 'MUTHENYA', 'MUNYAO', '12142260212822@gmail.com', 'MUTHENYA58', 'agent', 'active', NULL, '$2y$10$92IXUNpkjO0rOQ5byMi.Ye4oKoEa3Ro9llC/.og/at2.uheWG/igi', NULL, '2022-03-28 07:53:18', '2022-03-28 07:53:18'),
(25, 'KENGE', 'NDALA', '9392334972822@gmail.com', 'KENGE3', 'agent', 'active', NULL, '$2y$10$92IXUNpkjO0rOQ5byMi.Ye4oKoEa3Ro9llC/.og/at2.uheWG/igi', NULL, '2022-03-28 08:03:30', '2022-03-28 08:03:30'),
(26, 'BULA', 'MUNDJIBWA', '20118689712822@gmail.com', 'BULA90', 'agent', 'active', NULL, '$2y$10$92IXUNpkjO0rOQ5byMi.Ye4oKoEa3Ro9llC/.og/at2.uheWG/igi', NULL, '2022-03-28 08:10:19', '2022-03-28 08:10:19'),
(27, 'MBIYA', 'LUBAMBA', '14072025932822@gmail.com', 'MBIYA11', 'agent', 'active', NULL, '$2y$10$92IXUNpkjO0rOQ5byMi.Ye4oKoEa3Ro9llC/.og/at2.uheWG/igi', NULL, '2022-03-28 08:17:54', '2022-03-28 08:17:54'),
(28, 'KATULA', 'NGOMBE', '1028270611322@gmail.com', 'KATULA67', 'agent', 'active', NULL, '$2y$10$92IXUNpkjO0rOQ5byMi.Ye4oKoEa3Ro9llC/.og/at2.uheWG/igi', NULL, '2022-03-28 08:24:59', '2022-04-13 06:22:05'),
(29, 'AWEY', 'DINGANGA', '9069214142822@gmail.com', 'AWEY12', 'agent', 'active', NULL, '$2y$10$92IXUNpkjO0rOQ5byMi.Ye4oKoEa3Ro9llC/.og/at2.uheWG/igi', NULL, '2022-03-28 08:32:06', '2022-03-28 08:32:06'),
(30, 'TOKMA', 'FREDDY', '12761980042822@gmail.com', 'TOKMA7', 'agent', 'active', NULL, '$2y$10$92IXUNpkjO0rOQ5byMi.Ye4oKoEa3Ro9llC/.og/at2.uheWG/igi', NULL, '2022-03-28 08:35:56', '2022-03-28 08:35:56'),
(31, 'FUNGULA', 'MIYANO', '8773054792822@gmail.com', 'FUNGULA89', 'agent', 'active', NULL, '$2y$10$92IXUNpkjO0rOQ5byMi.Ye4oKoEa3Ro9llC/.og/at2.uheWG/igi', NULL, '2022-03-28 08:50:07', '2022-03-28 08:50:07'),
(32, 'TUMUABUDU', 'KABASHA', '69784512822@gmail.com', 'TUMUABUDU10', 'agent', 'active', NULL, '$2y$10$92IXUNpkjO0rOQ5byMi.Ye4oKoEa3Ro9llC/.og/at2.uheWG/igi', NULL, '2022-03-28 09:08:50', '2022-03-28 09:08:50'),
(33, 'KAPIA', 'MUKADIA', '5553141012822@gmail.com', 'KAPIA37', 'agent', 'active', NULL, '$2y$10$92IXUNpkjO0rOQ5byMi.Ye4oKoEa3Ro9llC/.og/at2.uheWG/igi', NULL, '2022-03-28 09:16:30', '2022-03-28 09:16:30'),
(34, 'KEROSI', 'ONYAMBU', '14657063122822@gmail.com', 'KEROSI36', 'agent', 'active', NULL, '$2y$10$92IXUNpkjO0rOQ5byMi.Ye4oKoEa3Ro9llC/.og/at2.uheWG/igi', NULL, '2022-03-28 09:19:24', '2022-03-28 09:19:24'),
(35, 'DJOUMBI', 'WANSI', '9135248732822@gmail.com', 'DJOUMBI64', 'agent', 'active', NULL, '$2y$10$92IXUNpkjO0rOQ5byMi.Ye4oKoEa3Ro9llC/.og/at2.uheWG/igi', NULL, '2022-03-28 09:23:09', '2022-03-28 09:23:09'),
(36, 'MWANJE', 'MWANDO', '5241247232822@gmail.com', 'MWANJE70', 'agent', 'active', NULL, '$2y$10$92IXUNpkjO0rOQ5byMi.Ye4oKoEa3Ro9llC/.og/at2.uheWG/igi', NULL, '2022-03-28 09:27:08', '2022-03-28 09:27:08'),
(37, 'KIABALA', 'NGOMA', '21340528960622@gmail.com', 'KIABALA87', 'agent', 'active', NULL, '$2y$10$92IXUNpkjO0rOQ5byMi.Ye4oKoEa3Ro9llC/.og/at2.uheWG/igi', NULL, '2022-03-28 09:32:14', '2022-04-06 06:23:34'),
(38, 'BOEMBI', 'LIYOKO', '10787140922822@gmail.com', 'BOEMBI23', 'agent', 'active', NULL, '$2y$10$92IXUNpkjO0rOQ5byMi.Ye4oKoEa3Ro9llC/.og/at2.uheWG/igi', NULL, '2022-03-28 09:40:18', '2022-03-28 09:40:18'),
(39, 'PINDUKA', 'NAKASILA', '4327054442822@gmail.com', 'PINDUKA29', 'agent', 'active', NULL, '$2y$10$92IXUNpkjO0rOQ5byMi.Ye4oKoEa3Ro9llC/.og/at2.uheWG/igi', NULL, '2022-03-28 09:43:20', '2022-03-28 09:43:20'),
(40, 'BYAMUNGU', 'MBALE', '12213351790422@gmail.com', 'BYAMUNGU45', 'agent', 'active', NULL, '$2y$10$92IXUNpkjO0rOQ5byMi.Ye4oKoEa3Ro9llC/.og/at2.uheWG/igi', NULL, '2022-03-28 09:56:44', '2022-04-04 06:39:17'),
(41, 'MPIANA', 'KENABABU', '18033586922822@gmail.com', 'MPIANA33', 'agent', 'active', NULL, '$2y$10$92IXUNpkjO0rOQ5byMi.Ye4oKoEa3Ro9llC/.og/at2.uheWG/igi', NULL, '2022-03-28 10:04:01', '2022-03-28 10:04:01'),
(42, 'MBUYU', 'KABONGO', '2500893712822@gmail.com', 'MBUYU62', 'agent', 'active', NULL, '$2y$10$92IXUNpkjO0rOQ5byMi.Ye4oKoEa3Ro9llC/.og/at2.uheWG/igi', NULL, '2022-03-28 10:22:23', '2022-03-28 10:52:09'),
(43, 'IRENGE', 'ISINGA', '12732468712822@gmail.com', 'IRENGE53', 'agent', 'active', NULL, '$2y$10$92IXUNpkjO0rOQ5byMi.Ye4oKoEa3Ro9llC/.og/at2.uheWG/igi', NULL, '2022-03-28 10:24:42', '2022-03-28 10:24:42'),
(44, 'TSHIBOLA', 'KABASELE', '5778728842822@gmail.com', 'TSHIBOLA53', 'agent', 'active', NULL, '$2y$10$92IXUNpkjO0rOQ5byMi.Ye4oKoEa3Ro9llC/.og/at2.uheWG/igi', NULL, '2022-03-28 10:54:36', '2022-03-28 10:54:36'),
(45, 'KADIMA', 'MUKADI', '1603289532822@gmail.com', 'KADIMA14', 'agent', 'active', NULL, '$2y$10$92IXUNpkjO0rOQ5byMi.Ye4oKoEa3Ro9llC/.og/at2.uheWG/igi', NULL, '2022-03-28 10:56:01', '2022-03-28 10:56:01'),
(46, 'KASONGO', 'MBALA', '9218759842822@gmail.com', 'KASONGO86', 'agent', 'active', NULL, '$2y$10$92IXUNpkjO0rOQ5byMi.Ye4oKoEa3Ro9llC/.og/at2.uheWG/igi', NULL, '2022-03-28 10:57:36', '2022-03-28 10:57:36'),
(47, 'MUYOBOKE', 'GASUBIRANYI', '5923812432822@gmail.com', 'MUYOBOKE54', 'agent', 'active', NULL, '$2y$10$92IXUNpkjO0rOQ5byMi.Ye4oKoEa3Ro9llC/.og/at2.uheWG/igi', NULL, '2022-03-28 11:00:37', '2022-03-28 11:05:07'),
(48, 'KANDA', 'DISSI', '14093229672822@gmail.com', 'KANDA17', 'agent', 'active', NULL, '$2y$10$92IXUNpkjO0rOQ5byMi.Ye4oKoEa3Ro9llC/.og/at2.uheWG/igi', NULL, '2022-03-28 11:02:29', '2022-03-28 11:02:29'),
(49, 'KANDOLO', 'OMASUMBU', '20221687012922@gmail.com', 'KANDOLO47', 'agent', 'active', NULL, '$2y$10$92IXUNpkjO0rOQ5byMi.Ye4oKoEa3Ro9llC/.og/at2.uheWG/igi', NULL, '2022-03-29 08:19:42', '2022-03-29 08:19:42'),
(50, 'WUNGUDI', 'LUSHIDI', '3435723872922@gmail.com', 'WUNGUDI85', 'agent', 'active', NULL, '$2y$10$92IXUNpkjO0rOQ5byMi.Ye4oKoEa3Ro9llC/.og/at2.uheWG/igi', NULL, '2022-03-29 08:25:56', '2022-03-29 08:25:56'),
(51, 'NSIMIRE', 'LINDA', '1554751652922@gmail.com', 'NSIMIRE91', 'agent', 'active', NULL, '$2y$10$92IXUNpkjO0rOQ5byMi.Ye4oKoEa3Ro9llC/.og/at2.uheWG/igi', NULL, '2022-03-29 09:26:29', '2022-03-29 09:26:29'),
(52, 'WONGO', 'OMEDJI', '12663542382922@gmail.com', 'WONGO27', 'agent', 'active', NULL, '$2y$10$92IXUNpkjO0rOQ5byMi.Ye4oKoEa3Ro9llC/.og/at2.uheWG/igi', NULL, '2022-03-29 10:28:10', '2022-03-29 10:28:10'),
(53, 'KUSUALA', 'FASO', '2493315892922@gmail.com', 'KUSUALA12', 'agent', 'active', NULL, '$2y$10$92IXUNpkjO0rOQ5byMi.Ye4oKoEa3Ro9llC/.og/at2.uheWG/igi', NULL, '2022-03-29 12:01:25', '2022-03-29 12:01:25'),
(54, 'MUTENDA', '--', '16476622762922@gmail.com', 'MUTENDA92', 'agent', 'active', NULL, '$2y$10$92IXUNpkjO0rOQ5byMi.Ye4oKoEa3Ro9llC/.og/at2.uheWG/igi', NULL, '2022-03-29 12:04:38', '2022-03-29 12:04:38'),
(55, 'KASEREKA', 'KITAMULIKO', '12069110092922@gmail.com', 'KASEREKA41', 'agent', 'active', NULL, '$2y$10$92IXUNpkjO0rOQ5byMi.Ye4oKoEa3Ro9llC/.og/at2.uheWG/igi', NULL, '2022-03-29 12:08:09', '2022-03-29 12:08:09'),
(56, 'KAVUHO', 'MUSEMA', '91017372922@gmail.com', 'KAVUHO83', 'agent', 'active', NULL, '$2y$10$92IXUNpkjO0rOQ5byMi.Ye4oKoEa3Ro9llC/.og/at2.uheWG/igi', NULL, '2022-03-29 13:04:26', '2022-03-29 13:07:37'),
(57, 'LIMBAYA', 'SIMBA', '3511062812922@gmail.com', 'LIMBAYA43', 'agent', 'active', NULL, '$2y$10$92IXUNpkjO0rOQ5byMi.Ye4oKoEa3Ro9llC/.og/at2.uheWG/igi', NULL, '2022-03-29 13:06:50', '2022-03-29 13:08:09'),
(58, 'BOMBILO', 'LONGO', '9541141082922@gmail.com', 'BOMBILO49', 'agent', 'active', NULL, '$2y$10$92IXUNpkjO0rOQ5byMi.Ye4oKoEa3Ro9llC/.og/at2.uheWG/igi', NULL, '2022-03-29 13:22:01', '2022-03-29 13:22:36'),
(59, 'DIKALA', 'MABIZA', '16908116752922@gmail.com', 'DIKALA62', 'agent', 'active', NULL, '$2y$10$92IXUNpkjO0rOQ5byMi.Ye4oKoEa3Ro9llC/.og/at2.uheWG/igi', NULL, '2022-03-29 13:26:12', '2022-03-29 13:26:12'),
(60, 'MAWUDILA', 'KAMALANDWA', '19826988212922@gmail.com', 'MAWUDILA90', 'agent', 'active', NULL, '$2y$10$92IXUNpkjO0rOQ5byMi.Ye4oKoEa3Ro9llC/.og/at2.uheWG/igi', NULL, '2022-03-29 13:29:05', '2022-03-29 13:29:05'),
(61, 'ASSUMANI', '--', '6148138652922@gmail.com', 'ASSUMANI32', 'agent', 'active', NULL, '$2y$10$92IXUNpkjO0rOQ5byMi.Ye4oKoEa3Ro9llC/.og/at2.uheWG/igi', NULL, '2022-03-29 13:37:24', '2022-03-29 13:37:24'),
(62, 'AMURI', 'TAMBWE', '9055320972922@gmail.com', 'AMURI73', 'agent', 'active', NULL, '$2y$10$92IXUNpkjO0rOQ5byMi.Ye4oKoEa3Ro9llC/.og/at2.uheWG/igi', NULL, '2022-03-29 13:41:34', '2022-03-29 13:41:34'),
(63, 'AMISI', 'USSENI', '12014680132922@gmail.com', 'AMISI2', 'agent', 'active', NULL, '$2y$10$92IXUNpkjO0rOQ5byMi.Ye4oKoEa3Ro9llC/.og/at2.uheWG/igi', NULL, '2022-03-29 13:44:32', '2022-03-29 13:44:32'),
(64, 'DJONGA', 'KUTSHE', '3124385752922@gmail.com', 'DJONGA50', 'agent', 'active', NULL, '$2y$10$92IXUNpkjO0rOQ5byMi.Ye4oKoEa3Ro9llC/.og/at2.uheWG/igi', NULL, '2022-03-29 13:53:38', '2022-03-29 13:53:38'),
(65, 'MAWENGO', 'MANDOMBI', '6049369012922@gmail.com', 'MAWENGO44', 'agent', 'active', NULL, '$2y$10$92IXUNpkjO0rOQ5byMi.Ye4oKoEa3Ro9llC/.og/at2.uheWG/igi', NULL, '2022-03-29 14:03:41', '2022-03-29 14:03:41'),
(66, 'FAZILI', 'LUSAMAKI', '14281731153022@gmail.com', 'FAZILI62', 'agent', 'active', NULL, '$2y$10$92IXUNpkjO0rOQ5byMi.Ye4oKoEa3Ro9llC/.og/at2.uheWG/igi', NULL, '2022-03-30 04:15:44', '2022-03-30 04:15:44'),
(67, 'KALONDJI', 'FWAMBA', '2413817723022@gmail.com', 'KALONDJI53', 'agent', 'active', NULL, '$2y$10$92IXUNpkjO0rOQ5byMi.Ye4oKoEa3Ro9llC/.og/at2.uheWG/igi', NULL, '2022-03-30 04:19:00', '2022-03-30 04:19:00'),
(68, 'MATA', 'MAKWALA', '7064656813022@gmail.com', 'MATA44', 'agent', 'active', NULL, '$2y$10$92IXUNpkjO0rOQ5byMi.Ye4oKoEa3Ro9llC/.og/at2.uheWG/igi', NULL, '2022-03-30 04:22:09', '2022-03-30 04:22:09'),
(69, 'OMBAKU', 'OMASUMBU', '6784498330522@gmail.com', 'OMBAKU94', 'agent', 'active', NULL, '$2y$10$92IXUNpkjO0rOQ5byMi.Ye4oKoEa3Ro9llC/.og/at2.uheWG/igi', NULL, '2022-03-30 04:24:21', '2022-04-05 12:22:29'),
(70, 'MARIANI', 'ALINA', '174251023022@gmail.com', 'MARIANI18', 'agent', 'active', NULL, '$2y$10$92IXUNpkjO0rOQ5byMi.Ye4oKoEa3Ro9llC/.og/at2.uheWG/igi', NULL, '2022-03-30 04:27:22', '2022-03-30 04:27:22'),
(71, 'MABRUKI', 'MASHANGA', '13523836183022@gmail.com', 'MABRUKI94', 'agent', 'active', NULL, '$2y$10$92IXUNpkjO0rOQ5byMi.Ye4oKoEa3Ro9llC/.og/at2.uheWG/igi', NULL, '2022-03-30 04:32:00', '2022-03-30 04:32:00'),
(72, 'SHADARI', 'RAMAZANI', '18822076013022@gmail.com', 'SHADARI41', 'agent', 'active', NULL, '$2y$10$92IXUNpkjO0rOQ5byMi.Ye4oKoEa3Ro9llC/.og/at2.uheWG/igi', NULL, '2022-03-30 04:34:24', '2022-03-30 04:34:24'),
(73, 'MAYUNGU', 'KABALA', '18866888173022@gmail.com', 'MAYUNGU47', 'agent', 'active', NULL, '$2y$10$92IXUNpkjO0rOQ5byMi.Ye4oKoEa3Ro9llC/.og/at2.uheWG/igi', NULL, '2022-03-30 04:38:18', '2022-03-30 04:38:18'),
(74, 'MUFOLO', 'KABALA', '663779683022@gmail.com', 'MUFOLO31', 'agent', 'active', NULL, '$2y$10$92IXUNpkjO0rOQ5byMi.Ye4oKoEa3Ro9llC/.og/at2.uheWG/igi', NULL, '2022-03-30 04:40:44', '2022-03-30 04:40:44'),
(75, 'TOKPMA', 'FIDELE', '4050047083022@gmail.com', 'TOKPMA51', 'agent', 'active', NULL, '$2y$10$92IXUNpkjO0rOQ5byMi.Ye4oKoEa3Ro9llC/.og/at2.uheWG/igi', NULL, '2022-03-30 04:45:56', '2022-03-30 04:52:37'),
(76, 'KITSA', 'MBUYIRAHI', '11471977843022@gmail.com', 'KITSA54', 'agent', 'active', NULL, '$2y$10$92IXUNpkjO0rOQ5byMi.Ye4oKoEa3Ro9llC/.og/at2.uheWG/igi', NULL, '2022-03-30 04:50:03', '2022-03-30 04:50:03'),
(77, 'MASINDA', 'KASEREKA', '2873297012722@gmail.com', 'MASINDA5', 'agent', 'active', NULL, '$2y$10$92IXUNpkjO0rOQ5byMi.Ye4oKoEa3Ro9llC/.og/at2.uheWG/igi', NULL, '2022-03-30 08:52:27', '2022-04-27 07:07:43'),
(78, 'LUMBALA', 'WA LUMBALA', '12992560183122@gmail.com', 'LUMBALA90', 'agent', 'active', NULL, '$2y$10$92IXUNpkjO0rOQ5byMi.Ye4oKoEa3Ro9llC/.og/at2.uheWG/igi', NULL, '2022-03-30 09:00:10', '2022-03-31 07:44:16'),
(79, 'MAKWELA', 'MAKWELA', '16726093803122@gmail.com', 'MAKWELA30', 'agent', 'active', NULL, '$2y$10$92IXUNpkjO0rOQ5byMi.Ye4oKoEa3Ro9llC/.og/at2.uheWG/igi', NULL, '2022-03-30 10:37:17', '2022-03-31 07:44:37'),
(80, 'LENDE', 'DALABO', '15524663343122@gmail.com', 'LENDE29', 'agent', 'active', NULL, '$2y$10$92IXUNpkjO0rOQ5byMi.Ye4oKoEa3Ro9llC/.og/at2.uheWG/igi', NULL, '2022-03-30 12:49:33', '2022-03-31 07:44:58'),
(81, 'MOMBO', 'KABADI', '14783158150922@gmail.com', 'MOMBO56', 'agent', 'active', NULL, '$2y$10$92IXUNpkjO0rOQ5byMi.Ye4oKoEa3Ro9llC/.og/at2.uheWG/igi', NULL, '2022-03-30 12:52:25', '2022-05-09 13:30:54'),
(82, 'TSHIBOLA', 'KABASELE', '14071951023022@gmail.com', 'TSHIBOLA95', 'agent', 'active', NULL, '$2y$10$92IXUNpkjO0rOQ5byMi.Ye4oKoEa3Ro9llC/.og/at2.uheWG/igi', NULL, '2022-03-30 13:04:01', '2022-03-30 13:04:01'),
(83, 'KADIMA', 'MUKADI', '1727605663022@gmail.com', 'KADIMA37', 'agent', 'active', NULL, '$2y$10$92IXUNpkjO0rOQ5byMi.Ye4oKoEa3Ro9llC/.og/at2.uheWG/igi', NULL, '2022-03-30 13:05:35', '2022-03-30 13:05:35'),
(84, 'KASONGO', 'MBALA', '3372600643022@gmail.com', 'KASONGO67', 'agent', 'active', NULL, '$2y$10$92IXUNpkjO0rOQ5byMi.Ye4oKoEa3Ro9llC/.og/at2.uheWG/igi', NULL, '2022-03-30 13:07:07', '2022-03-30 13:07:07'),
(85, 'MUYOBOKE', 'GASUBIRANYI', '17285259033022@gmail.com', 'MUYOBOKE34', 'agent', 'active', NULL, '$2y$10$92IXUNpkjO0rOQ5byMi.Ye4oKoEa3Ro9llC/.og/at2.uheWG/igi', NULL, '2022-03-30 13:11:01', '2022-03-30 13:11:01'),
(86, 'KABAYA', 'TONDA', '2333517161922@gmail.com', 'KABAYA43', 'agent', 'active', NULL, '$2y$10$92IXUNpkjO0rOQ5byMi.Ye4oKoEa3Ro9llC/.og/at2.uheWG/igi', NULL, '2022-03-30 13:16:25', '2022-04-19 07:29:05'),
(87, 'RAMAZANI', 'PIERRE', '9012546743022@gmail.com', 'RAMAZANI28', 'agent', 'active', NULL, '$2y$10$92IXUNpkjO0rOQ5byMi.Ye4oKoEa3Ro9llC/.og/at2.uheWG/igi', NULL, '2022-03-30 13:18:26', '2022-03-30 13:18:26'),
(88, 'KATAKO', '--', '6330361023022@gmail.com', 'KATAKO44', 'agent', 'active', NULL, '$2y$10$92IXUNpkjO0rOQ5byMi.Ye4oKoEa3Ro9llC/.og/at2.uheWG/igi', NULL, '2022-03-30 13:20:02', '2022-03-30 13:20:02'),
(89, 'FUNGULA', 'MIYANO', '11569626263022@gmail.com', 'FUNGULA75', 'agent', 'active', NULL, '$2y$10$92IXUNpkjO0rOQ5byMi.Ye4oKoEa3Ro9llC/.og/at2.uheWG/igi', NULL, '2022-03-30 13:22:09', '2022-03-30 13:22:09'),
(90, 'LUKUMU', 'MAZABALA', '6331587463022@gmail.com', 'LUKUMU18', 'agent', 'active', NULL, '$2y$10$92IXUNpkjO0rOQ5byMi.Ye4oKoEa3Ro9llC/.og/at2.uheWG/igi', NULL, '2022-03-30 13:25:26', '2022-03-30 13:25:26'),
(91, 'LIMELA', 'LIBASILA', '17347175233022@gmail.com', 'LIMELA59', 'agent', 'active', NULL, '$2y$10$92IXUNpkjO0rOQ5byMi.Ye4oKoEa3Ro9llC/.og/at2.uheWG/igi', NULL, '2022-03-30 13:32:07', '2022-03-30 13:32:07'),
(92, 'KUHILA', 'MUYEMBA', '10627753933022@gmail.com', 'KUHILA19', 'agent', 'active', NULL, '$2y$10$92IXUNpkjO0rOQ5byMi.Ye4oKoEa3Ro9llC/.og/at2.uheWG/igi', NULL, '2022-03-30 13:33:44', '2022-03-30 13:33:44'),
(93, 'MATONDO', 'MAKU', '18119646423022@gmail.com', 'MATONDO7', 'agent', 'active', NULL, '$2y$10$92IXUNpkjO0rOQ5byMi.Ye4oKoEa3Ro9llC/.og/at2.uheWG/igi', NULL, '2022-03-30 13:37:51', '2022-03-30 13:37:51'),
(94, 'CIBANGU', 'KASOMB-SOMB', '7467112443022@gmail.com', 'CIBANGU29', 'agent', 'active', NULL, '$2y$10$92IXUNpkjO0rOQ5byMi.Ye4oKoEa3Ro9llC/.og/at2.uheWG/igi', NULL, '2022-03-30 13:41:09', '2022-03-30 13:41:09'),
(95, 'CIBOLA', 'KABEYA', '10335587793022@gmail.com', 'CIBOLA14', 'agent', 'active', NULL, '$2y$10$92IXUNpkjO0rOQ5byMi.Ye4oKoEa3Ro9llC/.og/at2.uheWG/igi', NULL, '2022-03-30 13:43:45', '2022-03-30 13:43:45'),
(96, 'MVUMU', 'LUSALA', '4492135613022@gmail.com', 'MVUMU87', 'agent', 'active', NULL, '$2y$10$92IXUNpkjO0rOQ5byMi.Ye4oKoEa3Ro9llC/.og/at2.uheWG/igi', NULL, '2022-03-30 13:46:47', '2022-03-30 13:46:47'),
(97, 'N\'SOMBO', 'BOLAA', '5308284123022@gmail.com', 'N\'SOMBO56', 'agent', 'active', NULL, '$2y$10$92IXUNpkjO0rOQ5byMi.Ye4oKoEa3Ro9llC/.og/at2.uheWG/igi', NULL, '2022-03-30 13:48:51', '2022-03-30 13:50:35'),
(98, 'LUTU', 'BAPELI', '14929769503022@gmail.com', 'LUTU38', 'agent', 'active', NULL, '$2y$10$92IXUNpkjO0rOQ5byMi.Ye4oKoEa3Ro9llC/.og/at2.uheWG/igi', NULL, '2022-03-30 13:53:24', '2022-03-30 13:53:24'),
(99, 'KABASELE', 'TUINDILE', '12281363913022@gmail.com', 'KABASELE62', 'agent', 'active', NULL, '$2y$10$92IXUNpkjO0rOQ5byMi.Ye4oKoEa3Ro9llC/.og/at2.uheWG/igi', NULL, '2022-03-30 13:56:16', '2022-03-30 13:56:16'),
(100, 'KABASELE', 'TSHIAUKE', '4480360873022@gmail.com', 'KABASELE72', 'agent', 'active', NULL, '$2y$10$92IXUNpkjO0rOQ5byMi.Ye4oKoEa3Ro9llC/.og/at2.uheWG/igi', NULL, '2022-03-30 13:59:28', '2022-03-30 13:59:28'),
(101, 'BOONGOLA', 'IMPELI', '8429440011122@gmail.com', 'BOONGOLA86', 'agent', 'active', NULL, '$2y$10$92IXUNpkjO0rOQ5byMi.Ye4oKoEa3Ro9llC/.og/at2.uheWG/igi', NULL, '2022-03-30 14:04:42', '2022-05-11 08:50:56'),
(102, 'BOMBOKO', 'BOSUKA', '156653043122@gmail.com', 'BOMBOKO1', 'agent', 'active', NULL, '$2y$10$92IXUNpkjO0rOQ5byMi.Ye4oKoEa3Ro9llC/.og/at2.uheWG/igi', NULL, '2022-03-31 06:18:10', '2022-03-31 06:18:10'),
(103, 'BOTEKO', 'BOLOLA', '723148203122@gmail.com', 'BOTEKO33', 'agent', 'active', NULL, '$2y$10$92IXUNpkjO0rOQ5byMi.Ye4oKoEa3Ro9llC/.og/at2.uheWG/igi', NULL, '2022-03-31 06:42:34', '2022-03-31 06:42:34'),
(104, 'DJONGA', 'KIMBULU', '17453314653122@gmail.com', 'DJONGA59', 'agent', 'active', NULL, '$2y$10$92IXUNpkjO0rOQ5byMi.Ye4oKoEa3Ro9llC/.og/at2.uheWG/igi', NULL, '2022-03-31 06:44:48', '2022-03-31 06:44:48'),
(105, 'MOLESO', 'NSONGE', '9266652593122@gmail.com', 'MOLESO29', 'agent', 'active', NULL, '$2y$10$92IXUNpkjO0rOQ5byMi.Ye4oKoEa3Ro9llC/.og/at2.uheWG/igi', NULL, '2022-03-31 06:47:08', '2022-03-31 06:47:08'),
(106, 'LANDU', 'MIDOKOTA', '1132080703122@gmail.com', 'LANDU34', 'agent', 'active', NULL, '$2y$10$92IXUNpkjO0rOQ5byMi.Ye4oKoEa3Ro9llC/.og/at2.uheWG/igi', NULL, '2022-03-31 06:55:34', '2022-03-31 06:55:34'),
(107, 'DUDA', 'MAKIESE', '10978351013122@gmail.com', 'DUDA46', 'agent', 'active', NULL, '$2y$10$92IXUNpkjO0rOQ5byMi.Ye4oKoEa3Ro9llC/.og/at2.uheWG/igi', NULL, '2022-03-31 06:58:39', '2022-03-31 06:58:39'),
(108, 'NSUDI', 'VANGU', '17966415283122@gmail.com', 'NSUDI61', 'agent', 'active', NULL, '$2y$10$92IXUNpkjO0rOQ5byMi.Ye4oKoEa3Ro9llC/.og/at2.uheWG/igi', NULL, '2022-03-31 07:01:20', '2022-03-31 07:01:20'),
(109, 'KAUNA', 'ISOLO', '6756895103122@gmail.com', 'KAUNA21', 'agent', 'active', NULL, '$2y$10$92IXUNpkjO0rOQ5byMi.Ye4oKoEa3Ro9llC/.og/at2.uheWG/igi', NULL, '2022-03-31 07:15:10', '2022-03-31 07:15:10'),
(110, 'SAFARI', 'MAGHUTA', '14755367673122@gmail.com', 'SAFARI16', 'agent', 'active', NULL, '$2y$10$92IXUNpkjO0rOQ5byMi.Ye4oKoEa3Ro9llC/.og/at2.uheWG/igi', NULL, '2022-03-31 07:18:05', '2022-03-31 07:18:05'),
(111, 'LUSONIKA', 'FUMAKWA', '14540460103122@gmail.com', 'LUSONIKA17', 'agent', 'active', NULL, '$2y$10$92IXUNpkjO0rOQ5byMi.Ye4oKoEa3Ro9llC/.og/at2.uheWG/igi', NULL, '2022-03-31 07:20:30', '2022-03-31 07:20:30'),
(112, 'LUHEMWE', 'PEMBAMOTO', '15703648633122@gmail.com', 'LUHEMWE50', 'agent', 'active', NULL, '$2y$10$92IXUNpkjO0rOQ5byMi.Ye4oKoEa3Ro9llC/.og/at2.uheWG/igi', NULL, '2022-03-31 07:22:46', '2022-03-31 07:33:42'),
(113, 'KITHIMA', 'ASSUMANI', '7352921303122@gmail.com', 'KITHIMA80', 'agent', 'active', NULL, '$2y$10$92IXUNpkjO0rOQ5byMi.Ye4oKoEa3Ro9llC/.og/at2.uheWG/igi', NULL, '2022-03-31 07:25:01', '2022-03-31 07:25:01'),
(114, 'MBATSHI', 'BOPE', '13103309593122@gmail.com', 'MBATSHI33', 'agent', 'active', NULL, '$2y$10$92IXUNpkjO0rOQ5byMi.Ye4oKoEa3Ro9llC/.og/at2.uheWG/igi', NULL, '2022-03-31 07:27:02', '2022-03-31 07:27:02'),
(115, 'PETU', 'MPENI', '5495941673122@gmail.com', 'PETU37', 'agent', 'active', NULL, '$2y$10$92IXUNpkjO0rOQ5byMi.Ye4oKoEa3Ro9llC/.og/at2.uheWG/igi', NULL, '2022-03-31 07:36:04', '2022-03-31 07:36:04'),
(116, 'NSHOKANO', 'BIGANIRO', '3215839083122@gmail.com', 'NSHOKANO5', 'agent', 'active', NULL, '$2y$10$92IXUNpkjO0rOQ5byMi.Ye4oKoEa3Ro9llC/.og/at2.uheWG/igi', NULL, '2022-03-31 07:42:06', '2022-03-31 07:42:06'),
(117, 'NSHOKANO', 'BIGANIRO', '19385398033122@gmail.com', 'NSHOKANO28', 'agent', 'active', NULL, '$2y$10$92IXUNpkjO0rOQ5byMi.Ye4oKoEa3Ro9llC/.og/at2.uheWG/igi', NULL, '2022-03-31 07:53:28', '2022-03-31 07:53:28'),
(118, 'MAHANYA', 'MASUMBUKO', '1310531823122@gmail.com', 'MAHANYA14', 'agent', 'active', NULL, '$2y$10$92IXUNpkjO0rOQ5byMi.Ye4oKoEa3Ro9llC/.og/at2.uheWG/igi', NULL, '2022-03-31 07:56:57', '2022-03-31 07:56:57'),
(119, 'KAHINDO', 'MUHONGYA', '15210509063122@gmail.com', 'KAHINDO91', 'agent', 'active', NULL, '$2y$10$92IXUNpkjO0rOQ5byMi.Ye4oKoEa3Ro9llC/.og/at2.uheWG/igi', NULL, '2022-03-31 07:59:06', '2022-03-31 07:59:06'),
(120, 'AMANI', '--', '14841000373122@gmail.com', 'AMANI98', 'agent', 'active', NULL, '$2y$10$92IXUNpkjO0rOQ5byMi.Ye4oKoEa3Ro9llC/.og/at2.uheWG/igi', NULL, '2022-03-31 08:01:30', '2022-03-31 08:01:30'),
(121, 'OMONSONGO', 'LUNDIMU', '6845550423122@gmail.com', 'OMONSONGO62', 'agent', 'active', NULL, '$2y$10$92IXUNpkjO0rOQ5byMi.Ye4oKoEa3Ro9llC/.og/at2.uheWG/igi', NULL, '2022-03-31 08:04:21', '2022-03-31 08:04:21'),
(122, 'MALIYANGU', '--', '19416034393122@gmail.com', 'MALIYANGU92', 'agent', 'active', NULL, '$2y$10$92IXUNpkjO0rOQ5byMi.Ye4oKoEa3Ro9llC/.og/at2.uheWG/igi', NULL, '2022-03-31 08:25:58', '2022-03-31 08:25:58'),
(123, 'MUELA', 'KASONGO', '14546486700822@gmail.com', 'MUELA16', 'agent', 'active', NULL, '$2y$10$92IXUNpkjO0rOQ5byMi.Ye4oKoEa3Ro9llC/.og/at2.uheWG/igi', NULL, '2022-03-31 08:27:37', '2022-04-08 07:34:14'),
(124, 'OMOLLO', '--', '17237377423122@gmail.com', 'OMOLLO91', 'agent', 'active', NULL, '$2y$10$92IXUNpkjO0rOQ5byMi.Ye4oKoEa3Ro9llC/.og/at2.uheWG/igi', NULL, '2022-03-31 10:45:39', '2022-03-31 10:49:30'),
(125, 'ANELKA', 'KALONDA', '6758192023122@gmail.com', 'ANELKA71', 'agent', 'active', NULL, '$2y$10$92IXUNpkjO0rOQ5byMi.Ye4oKoEa3Ro9llC/.og/at2.uheWG/igi', NULL, '2022-03-31 10:47:48', '2022-03-31 10:47:48'),
(126, 'AWUDE', '--', '20037525303122@gmail.com', 'AWUDE59', 'agent', 'active', NULL, '$2y$10$92IXUNpkjO0rOQ5byMi.Ye4oKoEa3Ro9llC/.og/at2.uheWG/igi', NULL, '2022-03-31 10:52:10', '2022-03-31 10:52:10'),
(127, 'SANON', 'SANVIL', '5591037133122@gmail.com', 'SANON38', 'agent', 'active', NULL, '$2y$10$92IXUNpkjO0rOQ5byMi.Ye4oKoEa3Ro9llC/.og/at2.uheWG/igi', NULL, '2022-03-31 10:54:05', '2022-03-31 10:54:05'),
(128, 'BONYI', 'DJOMBE', '20116073493122@gmail.com', 'BONYI87', 'agent', 'active', NULL, '$2y$10$92IXUNpkjO0rOQ5byMi.Ye4oKoEa3Ro9llC/.og/at2.uheWG/igi', NULL, '2022-03-31 11:03:05', '2022-03-31 11:03:05'),
(129, 'MAYIKA', 'NKA NGELE', '14010841653122@gmail.com', 'MAYIKA58', 'agent', 'active', NULL, '$2y$10$92IXUNpkjO0rOQ5byMi.Ye4oKoEa3Ro9llC/.og/at2.uheWG/igi', NULL, '2022-03-31 11:05:22', '2022-03-31 11:05:22'),
(130, 'BARHAKENGERA', 'MUPENDA', '7809545043122@gmail.com', 'BARHAKENGERA90', 'agent', 'active', NULL, '$2y$10$92IXUNpkjO0rOQ5byMi.Ye4oKoEa3Ro9llC/.og/at2.uheWG/igi', NULL, '2022-03-31 11:07:02', '2022-03-31 11:07:02'),
(131, 'MBULA', 'BANYIYUNGU', '12979323923122@gmail.com', 'MBULA76', 'agent', 'active', NULL, '$2y$10$92IXUNpkjO0rOQ5byMi.Ye4oKoEa3Ro9llC/.og/at2.uheWG/igi', NULL, '2022-03-31 11:16:51', '2022-03-31 11:16:51'),
(132, 'MAKAMBU', 'MPUTU', '86927243122@gmail.com', 'MAKAMBU43', 'agent', 'active', NULL, '$2y$10$92IXUNpkjO0rOQ5byMi.Ye4oKoEa3Ro9llC/.og/at2.uheWG/igi', NULL, '2022-03-31 11:19:56', '2022-03-31 11:19:56'),
(133, 'KATUNDU', 'KANYINDA', '18970976813122@gmail.com', 'KATUNDU3', 'agent', 'active', NULL, '$2y$10$92IXUNpkjO0rOQ5byMi.Ye4oKoEa3Ro9llC/.og/at2.uheWG/igi', NULL, '2022-03-31 11:42:09', '2022-03-31 11:42:09'),
(134, 'BOBO', 'ZIMA', '3950413803122@gmail.com', 'BOBO4', 'agent', 'active', NULL, '$2y$10$92IXUNpkjO0rOQ5byMi.Ye4oKoEa3Ro9llC/.og/at2.uheWG/igi', NULL, '2022-03-31 11:44:44', '2022-03-31 11:44:44'),
(135, 'KABESA', 'KATSHIANGA', '18348117963122@gmail.com', 'KABESA54', 'agent', 'active', NULL, '$2y$10$92IXUNpkjO0rOQ5byMi.Ye4oKoEa3Ro9llC/.og/at2.uheWG/igi', NULL, '2022-03-31 11:48:36', '2022-03-31 11:48:36'),
(136, 'NGOYI', 'KABEJA', '6275635143122@gmail.com', 'NGOYI17', 'agent', 'active', NULL, '$2y$10$92IXUNpkjO0rOQ5byMi.Ye4oKoEa3Ro9llC/.og/at2.uheWG/igi', NULL, '2022-03-31 11:55:00', '2022-03-31 11:55:00'),
(137, 'DITEND', 'TSHOMBE', '12047671293122@gmail.com', 'DITEND43', 'agent', 'active', NULL, '$2y$10$92IXUNpkjO0rOQ5byMi.Ye4oKoEa3Ro9llC/.og/at2.uheWG/igi', NULL, '2022-03-31 11:56:37', '2022-03-31 11:56:37'),
(138, 'BULUNGU', 'CIBANGU', '9623765503122@gmail.com', 'BULUNGU15', 'agent', 'active', NULL, '$2y$10$92IXUNpkjO0rOQ5byMi.Ye4oKoEa3Ro9llC/.og/at2.uheWG/igi', NULL, '2022-03-31 11:59:04', '2022-03-31 11:59:04'),
(139, 'NYUNDO', 'TWITE', '5494470863122@gmail.com', 'NYUNDO54', 'agent', 'active', NULL, '$2y$10$92IXUNpkjO0rOQ5byMi.Ye4oKoEa3Ro9llC/.og/at2.uheWG/igi', NULL, '2022-03-31 12:00:59', '2022-03-31 12:00:59'),
(140, 'LUSAMBA', 'KUMWIMBA', '15612594243122@gmail.com', 'LUSAMBA43', 'agent', 'active', NULL, '$2y$10$92IXUNpkjO0rOQ5byMi.Ye4oKoEa3Ro9llC/.og/at2.uheWG/igi', NULL, '2022-03-31 12:03:08', '2022-03-31 12:03:08'),
(141, 'KAVOTA', 'MUSEMA', '6872209703122@gmail.com', 'KAVOTA20', 'agent', 'active', NULL, '$2y$10$92IXUNpkjO0rOQ5byMi.Ye4oKoEa3Ro9llC/.og/at2.uheWG/igi', NULL, '2022-03-31 12:05:41', '2022-03-31 12:05:41'),
(142, 'NDUNGO', 'SAFI', '10646717983122@gmail.com', 'NDUNGO33', 'agent', 'active', NULL, '$2y$10$92IXUNpkjO0rOQ5byMi.Ye4oKoEa3Ro9llC/.og/at2.uheWG/igi', NULL, '2022-03-31 12:07:22', '2022-03-31 12:07:22'),
(143, 'NSILU', 'MABATANGA', '4438444993122@gmail.com', 'NSILU72', 'agent', 'active', NULL, '$2y$10$92IXUNpkjO0rOQ5byMi.Ye4oKoEa3Ro9llC/.og/at2.uheWG/igi', NULL, '2022-03-31 12:10:13', '2022-03-31 12:10:13'),
(144, 'LUBUYI', 'NTSHONDA', '3431294543122@gmail.com', 'LUBUYI88', 'agent', 'active', NULL, '$2y$10$92IXUNpkjO0rOQ5byMi.Ye4oKoEa3Ro9llC/.og/at2.uheWG/igi', NULL, '2022-03-31 12:13:07', '2022-03-31 12:13:07'),
(145, 'MUTSHAS', 'MPAKA', '18754531803122@gmail.com', 'MUTSHAS95', 'agent', 'active', NULL, '$2y$10$92IXUNpkjO0rOQ5byMi.Ye4oKoEa3Ro9llC/.og/at2.uheWG/igi', NULL, '2022-03-31 12:15:40', '2022-03-31 12:15:40'),
(146, 'MAKINISI', 'KAMWAMWA', '8743554603122@gmail.com', 'MAKINISI88', 'agent', 'active', NULL, '$2y$10$92IXUNpkjO0rOQ5byMi.Ye4oKoEa3Ro9llC/.og/at2.uheWG/igi', NULL, '2022-03-31 12:18:06', '2022-03-31 12:18:06'),
(147, 'ISHA', 'OHABE', '15744404533122@gmail.com', 'ISHA100', 'agent', 'active', NULL, '$2y$10$92IXUNpkjO0rOQ5byMi.Ye4oKoEa3Ro9llC/.og/at2.uheWG/igi', NULL, '2022-03-31 12:20:48', '2022-03-31 12:20:48'),
(148, 'KAKULE', 'KYUSA', '16311317693122@gmail.com', 'KAKULE52', 'agent', 'active', NULL, '$2y$10$92IXUNpkjO0rOQ5byMi.Ye4oKoEa3Ro9llC/.og/at2.uheWG/igi', NULL, '2022-03-31 12:25:42', '2022-03-31 12:25:42'),
(149, 'MBESA', 'MALAKNGISHA', '18679856273122@gmail.com', 'MBESA0', 'agent', 'active', NULL, '$2y$10$92IXUNpkjO0rOQ5byMi.Ye4oKoEa3Ro9llC/.og/at2.uheWG/igi', NULL, '2022-03-31 12:30:11', '2022-03-31 12:30:11'),
(150, 'ATULINDE', 'UZAM', '15698308803122@gmail.com', 'ATULINDE100', 'agent', 'active', NULL, '$2y$10$92IXUNpkjO0rOQ5byMi.Ye4oKoEa3Ro9llC/.og/at2.uheWG/igi', NULL, '2022-03-31 12:37:42', '2022-03-31 12:37:42'),
(151, 'ZACHARIE', 'RUGINA', '12619954273122@gmail.com', 'ZACHARIE67', 'agent', 'active', NULL, '$2y$10$92IXUNpkjO0rOQ5byMi.Ye4oKoEa3Ro9llC/.og/at2.uheWG/igi', NULL, '2022-03-31 12:52:11', '2022-03-31 12:52:11'),
(152, 'BEYA', 'MUNYOKA', '6571400633122@gmail.com', 'BEYA18', 'agent', 'active', NULL, '$2y$10$92IXUNpkjO0rOQ5byMi.Ye4oKoEa3Ro9llC/.og/at2.uheWG/igi', NULL, '2022-03-31 13:04:52', '2022-03-31 13:04:52'),
(153, 'ANSELME', 'VWAMBALE', '13506420313122@gmail.com', 'ANSELME6', 'agent', 'active', NULL, '$2y$10$92IXUNpkjO0rOQ5byMi.Ye4oKoEa3Ro9llC/.og/at2.uheWG/igi', NULL, '2022-03-31 13:06:39', '2022-03-31 13:06:39'),
(154, 'MUSATO', '--', '5714087733122@gmail.com', 'MUSATO47', 'agent', 'active', NULL, '$2y$10$92IXUNpkjO0rOQ5byMi.Ye4oKoEa3Ro9llC/.og/at2.uheWG/igi', NULL, '2022-03-31 13:09:19', '2022-03-31 13:09:19'),
(155, 'KASENDE', '--', '5000880150522@gmail.com', 'KASENDE100', 'agent', 'active', NULL, '$2y$10$92IXUNpkjO0rOQ5byMi.Ye4oKoEa3Ro9llC/.og/at2.uheWG/igi', NULL, '2022-04-01 04:16:55', '2022-04-05 04:29:58'),
(156, 'BANTU', 'TSHIBALA', '9324579480122@gmail.com', 'BANTU79', 'agent', 'active', NULL, '$2y$10$92IXUNpkjO0rOQ5byMi.Ye4oKoEa3Ro9llC/.og/at2.uheWG/igi', NULL, '2022-04-01 04:21:50', '2022-04-01 04:21:50'),
(157, 'SHAGWA', '--', '19770353560122@gmail.com', 'SHAGWA3', 'agent', 'active', NULL, '$2y$10$92IXUNpkjO0rOQ5byMi.Ye4oKoEa3Ro9llC/.og/at2.uheWG/igi', NULL, '2022-04-01 04:25:49', '2022-04-01 04:25:49'),
(158, 'MUSEMA', 'TSHATULA', '14023495890122@gmail.com', 'MUSEMA31', 'agent', 'active', NULL, '$2y$10$92IXUNpkjO0rOQ5byMi.Ye4oKoEa3Ro9llC/.og/at2.uheWG/igi', NULL, '2022-04-01 04:27:40', '2022-04-01 04:27:40'),
(159, 'NGUNGU', 'MBEMBA', '3592174780122@gmail.com', 'NGUNGU19', 'agent', 'active', NULL, '$2y$10$92IXUNpkjO0rOQ5byMi.Ye4oKoEa3Ro9llC/.og/at2.uheWG/igi', NULL, '2022-04-01 04:29:40', '2022-04-01 04:29:40'),
(160, 'SINDANI', 'ITEKU', '594256160122@gmail.com', 'SINDANI33', 'agent', 'active', NULL, '$2y$10$92IXUNpkjO0rOQ5byMi.Ye4oKoEa3Ro9llC/.og/at2.uheWG/igi', NULL, '2022-04-01 04:34:29', '2022-04-01 04:34:29'),
(161, 'BATUBENGE', 'BADIBANGA', '4164904060122@gmail.com', 'BATUBENGE74', 'agent', 'active', NULL, '$2y$10$92IXUNpkjO0rOQ5byMi.Ye4oKoEa3Ro9llC/.og/at2.uheWG/igi', NULL, '2022-04-01 04:42:03', '2022-04-01 04:42:03'),
(162, 'BUKASA', 'BUKASA', '12667469570122@gmail.com', 'BUKASA86', 'agent', 'active', NULL, '$2y$10$92IXUNpkjO0rOQ5byMi.Ye4oKoEa3Ro9llC/.og/at2.uheWG/igi', NULL, '2022-04-01 04:45:07', '2022-04-01 04:45:07'),
(163, 'TSHIBANGU', '--', '4257898290122@gmail.com', 'TSHIBANGU89', 'agent', 'active', NULL, '$2y$10$92IXUNpkjO0rOQ5byMi.Ye4oKoEa3Ro9llC/.og/at2.uheWG/igi', NULL, '2022-04-01 04:49:10', '2022-04-01 04:49:10'),
(164, 'OKITALONGENGO', 'LODAMA', '1647201060122@gmail.com', 'OKITALONGENGO29', 'agent', 'active', NULL, '$2y$10$92IXUNpkjO0rOQ5byMi.Ye4oKoEa3Ro9llC/.og/at2.uheWG/igi', NULL, '2022-04-01 04:53:13', '2022-04-01 04:53:13'),
(165, 'KIMAMWE', '--', '3993370630122@gmail.com', 'KIMAMWE7', 'agent', 'active', NULL, '$2y$10$92IXUNpkjO0rOQ5byMi.Ye4oKoEa3Ro9llC/.og/at2.uheWG/igi', NULL, '2022-04-01 04:55:09', '2022-04-01 04:55:09'),
(166, 'MUZUNGU', 'SHABANI', '5088357300122@gmail.com', 'MUZUNGU73', 'agent', 'active', NULL, '$2y$10$92IXUNpkjO0rOQ5byMi.Ye4oKoEa3Ro9llC/.og/at2.uheWG/igi', NULL, '2022-04-01 04:57:16', '2022-04-01 04:57:16'),
(167, 'TSHIKUDI', 'SAMAKWEDI', '21250559590122@gmail.com', 'TSHIKUDI73', 'agent', 'active', NULL, '$2y$10$92IXUNpkjO0rOQ5byMi.Ye4oKoEa3Ro9llC/.og/at2.uheWG/igi', NULL, '2022-04-01 04:59:16', '2022-04-01 04:59:16'),
(168, 'YOLIMO', 'KOY', '10921200630122@gmail.com', 'YOLIMO88', 'agent', 'active', NULL, '$2y$10$92IXUNpkjO0rOQ5byMi.Ye4oKoEa3Ro9llC/.og/at2.uheWG/igi', NULL, '2022-04-01 05:04:44', '2022-04-01 06:03:21'),
(169, 'EKOFO', 'BEMOLO', '15714024870122@gmail.com', 'EKOFO84', 'agent', 'active', NULL, '$2y$10$92IXUNpkjO0rOQ5byMi.Ye4oKoEa3Ro9llC/.og/at2.uheWG/igi', NULL, '2022-04-01 06:07:48', '2022-04-01 06:07:48'),
(170, 'KINDEMI', 'NSILU', '15587116780122@gmail.com', 'KINDEMI77', 'agent', 'active', NULL, '$2y$10$92IXUNpkjO0rOQ5byMi.Ye4oKoEa3Ro9llC/.og/at2.uheWG/igi', NULL, '2022-04-01 06:09:36', '2022-04-01 06:09:36'),
(171, 'LIKOLI', 'LILKONDO', '8747572110122@gmail.com', 'LIKOLI24', 'agent', 'active', NULL, '$2y$10$92IXUNpkjO0rOQ5byMi.Ye4oKoEa3Ro9llC/.og/at2.uheWG/igi', NULL, '2022-04-01 06:12:16', '2022-04-01 06:12:16'),
(172, 'KALONDA', 'BATSHAEKA', '4071629990122@gmail.com', 'KALONDA63', 'agent', 'active', NULL, '$2y$10$92IXUNpkjO0rOQ5byMi.Ye4oKoEa3Ro9llC/.og/at2.uheWG/igi', NULL, '2022-04-01 06:14:22', '2022-04-01 06:14:22'),
(173, 'NGONDO', 'KALAMBA', '18404231620122@gmail.com', 'NGONDO92', 'agent', 'active', NULL, '$2y$10$92IXUNpkjO0rOQ5byMi.Ye4oKoEa3Ro9llC/.og/at2.uheWG/igi', NULL, '2022-04-01 06:16:19', '2022-04-01 06:16:19'),
(174, 'MISENGA', 'KABEYA', '14745136310122@gmail.com', 'MISENGA11', 'agent', 'active', NULL, '$2y$10$92IXUNpkjO0rOQ5byMi.Ye4oKoEa3Ro9llC/.og/at2.uheWG/igi', NULL, '2022-04-01 06:19:12', '2022-04-01 06:19:12'),
(175, 'SIMIYU', '--', '6801208920122@gmail.com', 'SIMIYU98', 'agent', 'active', NULL, '$2y$10$92IXUNpkjO0rOQ5byMi.Ye4oKoEa3Ro9llC/.og/at2.uheWG/igi', NULL, '2022-04-01 06:21:04', '2022-04-01 06:21:04'),
(176, 'MBUYI', 'KAMBUJI', '14108811560122@gmail.com', 'MBUYI90', 'agent', 'active', NULL, '$2y$10$92IXUNpkjO0rOQ5byMi.Ye4oKoEa3Ro9llC/.og/at2.uheWG/igi', NULL, '2022-04-01 06:23:01', '2022-04-01 06:23:01'),
(177, 'KAHAMBU', '--', '20702797930122@gmail.com', 'KAHAMBU23', 'agent', 'active', NULL, '$2y$10$92IXUNpkjO0rOQ5byMi.Ye4oKoEa3Ro9llC/.og/at2.uheWG/igi', NULL, '2022-04-01 06:25:49', '2022-04-01 06:25:49'),
(178, 'MUMBERE', 'SAASITA', '12657575430122@gmail.com', 'MUMBERE20', 'agent', 'active', NULL, '$2y$10$92IXUNpkjO0rOQ5byMi.Ye4oKoEa3Ro9llC/.og/at2.uheWG/igi', NULL, '2022-04-01 06:31:00', '2022-04-01 06:31:00'),
(179, 'MUWAWA', '--', '8685267170122@gmail.com', 'MUWAWA69', 'agent', 'active', NULL, '$2y$10$92IXUNpkjO0rOQ5byMi.Ye4oKoEa3Ro9llC/.og/at2.uheWG/igi', NULL, '2022-04-01 06:33:48', '2022-04-01 06:33:48'),
(180, 'LOKOSA', '--', '5694732360122@gmail.com', 'LOKOSA9', 'agent', 'active', NULL, '$2y$10$92IXUNpkjO0rOQ5byMi.Ye4oKoEa3Ro9llC/.og/at2.uheWG/igi', NULL, '2022-04-01 06:42:44', '2022-04-01 06:42:44'),
(181, 'EFULATO', 'POLE', '5180198530122@gmail.com', 'EFULATO6', 'agent', 'active', NULL, '$2y$10$92IXUNpkjO0rOQ5byMi.Ye4oKoEa3Ro9llC/.og/at2.uheWG/igi', NULL, '2022-04-01 07:05:08', '2022-04-01 07:05:08'),
(182, 'TSHIKINA', 'MITOMBE', '14807142580122@gmail.com', 'TSHIKINA29', 'agent', 'active', NULL, '$2y$10$92IXUNpkjO0rOQ5byMi.Ye4oKoEa3Ro9llC/.og/at2.uheWG/igi', NULL, '2022-04-01 07:07:10', '2022-04-01 07:07:10'),
(183, 'TSHIKAMBA', 'MUAMBA', '400220270122@gmail.com', 'TSHIKAMBA57', 'agent', 'active', NULL, '$2y$10$92IXUNpkjO0rOQ5byMi.Ye4oKoEa3Ro9llC/.og/at2.uheWG/igi', NULL, '2022-04-01 07:12:08', '2022-04-01 07:12:08'),
(184, 'KINUANI', 'MPIOSO', '14318373410122@gmail.com', 'KINUANI90', 'agent', 'active', NULL, '$2y$10$92IXUNpkjO0rOQ5byMi.Ye4oKoEa3Ro9llC/.og/at2.uheWG/igi', NULL, '2022-04-01 07:14:37', '2022-04-01 07:25:13'),
(185, 'SHABANI', 'MULOWE', '15079643040122@gmail.com', 'SHABANI39', 'agent', 'active', NULL, '$2y$10$92IXUNpkjO0rOQ5byMi.Ye4oKoEa3Ro9llC/.og/at2.uheWG/igi', NULL, '2022-04-01 07:16:53', '2022-04-01 07:27:14'),
(186, 'KITOKO', 'KIMPANGA', '6903879370122@gmail.com', 'KITOKO30', 'agent', 'active', NULL, '$2y$10$92IXUNpkjO0rOQ5byMi.Ye4oKoEa3Ro9llC/.og/at2.uheWG/igi', NULL, '2022-04-01 07:19:31', '2022-04-01 07:19:31'),
(187, 'MBALAYI', 'KABINDA', '14727675910122@gmail.com', 'MBALAYI82', 'agent', 'active', NULL, '$2y$10$92IXUNpkjO0rOQ5byMi.Ye4oKoEa3Ro9llC/.og/at2.uheWG/igi', NULL, '2022-04-01 07:21:29', '2022-04-01 07:26:27'),
(188, 'NZIAVAKE', 'NZINGENE', '2888313630122@gmail.com', 'NZIAVAKE69', 'agent', 'active', NULL, '$2y$10$92IXUNpkjO0rOQ5byMi.Ye4oKoEa3Ro9llC/.og/at2.uheWG/igi', NULL, '2022-04-01 07:30:28', '2022-04-01 07:30:28'),
(189, 'TSHOTA', 'LOHATOKO', '16796591230122@gmail.com', 'TSHOTA81', 'agent', 'active', NULL, '$2y$10$92IXUNpkjO0rOQ5byMi.Ye4oKoEa3Ro9llC/.og/at2.uheWG/igi', NULL, '2022-04-01 07:43:12', '2022-04-01 07:43:12'),
(190, 'MULOWE', 'BANZA', '8070915330122@gmail.com', 'MULOWE51', 'agent', 'active', NULL, '$2y$10$92IXUNpkjO0rOQ5byMi.Ye4oKoEa3Ro9llC/.og/at2.uheWG/igi', NULL, '2022-04-01 07:46:25', '2022-04-01 07:47:11'),
(191, 'KAHEMBE', '--', '17421303600122@gmail.com', 'KAHEMBE0', 'agent', 'active', NULL, '$2y$10$92IXUNpkjO0rOQ5byMi.Ye4oKoEa3Ro9llC/.og/at2.uheWG/igi', NULL, '2022-04-01 07:55:59', '2022-04-01 07:55:59'),
(192, 'MAMBA', 'TSHISHIKU', '18414676340122@gmail.com', 'MAMBA41', 'agent', 'active', NULL, '$2y$10$92IXUNpkjO0rOQ5byMi.Ye4oKoEa3Ro9llC/.og/at2.uheWG/igi', NULL, '2022-04-01 08:00:04', '2022-04-01 08:00:04'),
(193, 'LOHATA', 'OTSHUDI', '11343329330122@gmail.com', 'LOHATA47', 'agent', 'active', NULL, '$2y$10$92IXUNpkjO0rOQ5byMi.Ye4oKoEa3Ro9llC/.og/at2.uheWG/igi', NULL, '2022-04-01 08:02:03', '2022-04-01 08:02:03'),
(194, 'MWAMBA', 'MPUNDU', '12235217250122@gmail.com', 'MWAMBA62', 'agent', 'active', NULL, '$2y$10$92IXUNpkjO0rOQ5byMi.Ye4oKoEa3Ro9llC/.og/at2.uheWG/igi', NULL, '2022-04-01 08:04:23', '2022-04-01 08:04:23'),
(195, 'TSHIMBULU', 'MUTAMBA', '17569725450122@gmail.com', 'TSHIMBULU80', 'agent', 'active', NULL, '$2y$10$92IXUNpkjO0rOQ5byMi.Ye4oKoEa3Ro9llC/.og/at2.uheWG/igi', NULL, '2022-04-01 08:07:12', '2022-04-01 08:07:12'),
(196, 'TOKO', 'MAVINGA', '20915710540122@gmail.com', 'TOKO3', 'agent', 'active', NULL, '$2y$10$92IXUNpkjO0rOQ5byMi.Ye4oKoEa3Ro9llC/.og/at2.uheWG/igi', NULL, '2022-04-01 08:09:07', '2022-04-01 08:09:07'),
(197, 'NYANDWI', 'KADODO', '11559105470122@gmail.com', 'NYANDWI47', 'agent', 'active', NULL, '$2y$10$92IXUNpkjO0rOQ5byMi.Ye4oKoEa3Ro9llC/.og/at2.uheWG/igi', NULL, '2022-04-01 08:14:25', '2022-04-01 08:14:25'),
(198, 'KIYANI', 'KASEREKA', '15838029700122@gmail.com', 'KIYANI16', 'agent', 'active', NULL, '$2y$10$92IXUNpkjO0rOQ5byMi.Ye4oKoEa3Ro9llC/.og/at2.uheWG/igi', NULL, '2022-04-01 08:16:46', '2022-04-01 08:16:46'),
(199, 'BISIMWA', 'MURHULA', '4689606890922@gmail.com', 'BISIMWA6', 'agent', 'active', NULL, '$2y$10$92IXUNpkjO0rOQ5byMi.Ye4oKoEa3Ro9llC/.og/at2.uheWG/igi', NULL, '2022-04-01 08:19:22', '2022-05-09 07:09:30'),
(200, 'KAMBALE', '--', '11464618210122@gmail.com', 'KAMBALE97', 'agent', 'active', NULL, '$2y$10$92IXUNpkjO0rOQ5byMi.Ye4oKoEa3Ro9llC/.og/at2.uheWG/igi', NULL, '2022-04-01 09:09:24', '2022-04-01 09:09:24'),
(201, 'MUGARUKA', 'CIRUMWANI', '12543051550122@gmail.com', 'MUGARUKA2', 'agent', 'active', NULL, '$2y$10$92IXUNpkjO0rOQ5byMi.Ye4oKoEa3Ro9llC/.og/at2.uheWG/igi', NULL, '2022-04-01 09:11:49', '2022-04-01 09:11:49'),
(202, 'BALIMO', '--', '7394641770122@gmail.com', 'BALIMO22', 'agent', 'active', NULL, '$2y$10$92IXUNpkjO0rOQ5byMi.Ye4oKoEa3Ro9llC/.og/at2.uheWG/igi', NULL, '2022-04-01 09:13:46', '2022-04-01 09:13:46'),
(203, 'SINDANI', 'MUSEMAKWELE', '731056970122@gmail.com', 'SINDANI24', 'agent', 'active', NULL, '$2y$10$92IXUNpkjO0rOQ5byMi.Ye4oKoEa3Ro9llC/.og/at2.uheWG/igi', NULL, '2022-04-01 09:17:04', '2022-04-01 09:17:04'),
(204, 'KATULA', 'NGOMBE', '7993298000122@gmail.com', 'KATULA37', 'agent', 'active', NULL, '$2y$10$92IXUNpkjO0rOQ5byMi.Ye4oKoEa3Ro9llC/.og/at2.uheWG/igi', NULL, '2022-04-01 09:18:40', '2022-04-01 09:18:40'),
(205, 'HFYF', 'HH', '18164360260322@gmail.com', 'HFYF5', 'agent', 'active', NULL, '$2y$10$92IXUNpkjO0rOQ5byMi.Ye4oKoEa3Ro9llC/.og/at2.uheWG/igi', NULL, '2022-04-03 20:17:39', '2022-04-03 20:17:39'),
(206, 'MUGIRANEZA', 'MUTUZA', '10941774871222@gmail.com', 'MUGIRANEZA66', 'agent', 'active', NULL, '$2y$10$92IXUNpkjO0rOQ5byMi.Ye4oKoEa3Ro9llC/.og/at2.uheWG/igi', NULL, '2022-04-12 06:02:56', '2022-04-12 06:02:56'),
(207, 'LOKOMBE', 'BOSANGUA', '8788846100922@gmail.com', 'LOKOMBE93', 'agent', 'active', NULL, '$2y$10$92IXUNpkjO0rOQ5byMi.Ye4oKoEa3Ro9llC/.og/at2.uheWG/igi', NULL, '2022-04-12 06:05:24', '2022-05-09 13:31:22'),
(208, 'MUGIRANEZA', 'MUTUZA', '12059316881422@gmail.com', 'MUGIRANEZA54', 'agent', 'active', NULL, '$2y$10$92IXUNpkjO0rOQ5byMi.Ye4oKoEa3Ro9llC/.og/at2.uheWG/igi', NULL, '2022-04-13 06:19:57', '2022-04-14 14:13:12'),
(209, 'MANTETE', 'SEDU', '18578144731522@gmail.com', 'MANTETE23', 'agent', 'active', NULL, '$2y$10$92IXUNpkjO0rOQ5byMi.Ye4oKoEa3Ro9llC/.og/at2.uheWG/igi', NULL, '2022-04-13 06:25:12', '2022-04-15 08:45:37'),
(210, 'MANDILA', 'KUCHIKHI', '20430104361822@gmail.com', 'MANDILA98', 'agent', 'active', NULL, '$2y$10$92IXUNpkjO0rOQ5byMi.Ye4oKoEa3Ro9llC/.og/at2.uheWG/igi', NULL, '2022-04-18 06:57:30', '2022-04-18 06:57:30'),
(211, 'BOTEYI', 'EMPOKO', '19598518061822@gmail.com', 'BOTEYI84', 'agent', 'active', NULL, '$2y$10$92IXUNpkjO0rOQ5byMi.Ye4oKoEa3Ro9llC/.og/at2.uheWG/igi', NULL, '2022-04-18 07:18:10', '2022-04-18 07:18:10'),
(212, 'BIZANGA', 'LIKAMBELO', '12636745221822@gmail.com', 'BIZANGA52', 'agent', 'active', NULL, '$2y$10$92IXUNpkjO0rOQ5byMi.Ye4oKoEa3Ro9llC/.og/at2.uheWG/igi', NULL, '2022-04-18 07:35:16', '2022-04-18 07:35:16'),
(213, 'MAYENGO', '--', '21318921651822@gmail.com', 'MAYENGO72', 'agent', 'active', NULL, '$2y$10$92IXUNpkjO0rOQ5byMi.Ye4oKoEa3Ro9llC/.og/at2.uheWG/igi', NULL, '2022-04-18 07:42:39', '2022-04-18 07:42:39'),
(214, 'KANGOMA', 'WA KANGOMA', '14036695981822@gmail.com', 'KANGOMA90', 'agent', 'active', NULL, '$2y$10$92IXUNpkjO0rOQ5byMi.Ye4oKoEa3Ro9llC/.og/at2.uheWG/igi', NULL, '2022-04-18 07:44:27', '2022-04-18 07:44:27'),
(215, 'BAPEBUA', 'KAYEMBE', '19875327371822@gmail.com', 'BAPEBUA69', 'agent', 'active', NULL, '$2y$10$92IXUNpkjO0rOQ5byMi.Ye4oKoEa3Ro9llC/.og/at2.uheWG/igi', NULL, '2022-04-18 07:46:08', '2022-04-18 07:46:08'),
(216, 'OLENGA', 'KATOKA', '19977808251822@gmail.com', 'OLENGA65', 'agent', 'active', NULL, '$2y$10$92IXUNpkjO0rOQ5byMi.Ye4oKoEa3Ro9llC/.og/at2.uheWG/igi', NULL, '2022-04-18 07:50:46', '2022-04-18 07:50:46'),
(217, 'MBOMBO', 'KALONJI', '15575010181822@gmail.com', 'MBOMBO69', 'agent', 'active', NULL, '$2y$10$92IXUNpkjO0rOQ5byMi.Ye4oKoEa3Ro9llC/.og/at2.uheWG/igi', NULL, '2022-04-18 07:52:03', '2022-04-18 07:52:03'),
(218, 'MUYOBOKE', 'GASUBIRANYI', '18940599912122@gmail.com', 'MUYOBOKE6', 'agent', 'active', NULL, '$2y$10$92IXUNpkjO0rOQ5byMi.Ye4oKoEa3Ro9llC/.og/at2.uheWG/igi', NULL, '2022-04-21 12:10:59', '2022-04-21 12:19:22'),
(219, 'KASONGO', 'MBALA', '1138875342122@gmail.com', 'KASONGO52', 'agent', 'active', NULL, '$2y$10$92IXUNpkjO0rOQ5byMi.Ye4oKoEa3Ro9llC/.og/at2.uheWG/igi', NULL, '2022-04-21 12:17:59', '2022-04-21 12:17:59'),
(220, 'TSHIBOLA', 'KABASELE', '5465871192122@gmail.com', 'TSHIBOLA0', 'agent', 'active', NULL, '$2y$10$92IXUNpkjO0rOQ5byMi.Ye4oKoEa3Ro9llC/.og/at2.uheWG/igi', NULL, '2022-04-21 12:23:45', '2022-04-21 12:23:45'),
(221, 'NDUWAYESU', 'SEMEKO', '20951725562122@gmail.com', 'NDUWAYESU92', 'agent', 'active', NULL, '$2y$10$92IXUNpkjO0rOQ5byMi.Ye4oKoEa3Ro9llC/.og/at2.uheWG/igi', NULL, '2022-04-21 12:54:41', '2022-04-21 12:54:41'),
(222, 'DIONSO', 'KAPESA', '6599386662922@gmail.com', 'DIONSO10', 'agent', 'active', NULL, '$2y$10$92IXUNpkjO0rOQ5byMi.Ye4oKoEa3Ro9llC/.og/at2.uheWG/igi', NULL, '2022-04-29 11:40:15', '2022-04-29 11:40:15'),
(223, 'BUANYA', 'BIDUAYA', '12781009390922@gmail.com', 'BUANYA50', 'agent', 'active', NULL, '$2y$10$92IXUNpkjO0rOQ5byMi.Ye4oKoEa3Ro9llC/.og/at2.uheWG/igi', NULL, '2022-05-09 06:47:28', '2022-05-09 06:47:28'),
(224, 'NANZIGE', 'LUCIRIHO', '17033514730922@gmail.com', 'NANZIGE2', 'agent', 'active', NULL, '$2y$10$92IXUNpkjO0rOQ5byMi.Ye4oKoEa3Ro9llC/.og/at2.uheWG/igi', NULL, '2022-05-09 06:58:14', '2022-05-09 06:58:14'),
(225, 'SHABANYI', 'MULOWE', '2205714680922@gmail.com', 'SHABANYI42', 'agent', 'active', NULL, '$2y$10$92IXUNpkjO0rOQ5byMi.Ye4oKoEa3Ro9llC/.og/at2.uheWG/igi', NULL, '2022-05-09 07:05:58', '2022-05-09 07:05:58'),
(226, 'NSONGI', 'DIAMENE', '13238532550922@gmail.com', 'NSONGI46', 'agent', 'active', NULL, '$2y$10$92IXUNpkjO0rOQ5byMi.Ye4oKoEa3Ro9llC/.og/at2.uheWG/igi', NULL, '2022-05-09 07:25:13', '2022-05-09 07:29:18'),
(227, 'BAMOSHA', 'NSUNGULA-DIKOLELA', '4553306310922@gmail.com', 'BAMOSHA3', 'agent', 'active', NULL, '$2y$10$92IXUNpkjO0rOQ5byMi.Ye4oKoEa3Ro9llC/.og/at2.uheWG/igi', NULL, '2022-05-09 07:33:27', '2022-05-09 07:33:27'),
(228, 'EKABELA', 'ENTOTU', '21065811931122@gmail.com', 'EKABELA39', 'agent', 'active', NULL, '$2y$10$92IXUNpkjO0rOQ5byMi.Ye4oKoEa3Ro9llC/.og/at2.uheWG/igi', NULL, '2022-05-11 06:53:22', '2022-05-11 06:53:22');

--
-- Index pour les tables déchargées
--

--
-- Index pour la table `agents`
--
ALTER TABLE `agents`
  ADD PRIMARY KEY (`id`),
  ADD KEY `agents_projet_id_foreign` (`projet_id`),
  ADD KEY `agents_user_id_foreign` (`user_id`);

--
-- Index pour la table `conges`
--
ALTER TABLE `conges`
  ADD PRIMARY KEY (`id`),
  ADD KEY `conges_agent_id_foreign` (`agent_id`),
  ADD KEY `conges_projet_id_foreign` (`projet_id`);

--
-- Index pour la table `failed_jobs`
--
ALTER TABLE `failed_jobs`
  ADD PRIMARY KEY (`id`),
  ADD UNIQUE KEY `failed_jobs_uuid_unique` (`uuid`);

--
-- Index pour la table `migrations`
--
ALTER TABLE `migrations`
  ADD PRIMARY KEY (`id`);

--
-- Index pour la table `password_resets`
--
ALTER TABLE `password_resets`
  ADD KEY `password_resets_email_index` (`email`);

--
-- Index pour la table `personal_access_tokens`
--
ALTER TABLE `personal_access_tokens`
  ADD PRIMARY KEY (`id`),
  ADD UNIQUE KEY `personal_access_tokens_token_unique` (`token`),
  ADD KEY `personal_access_tokens_tokenable_type_tokenable_id_index` (`tokenable_type`,`tokenable_id`);

--
-- Index pour la table `piecejointes`
--
ALTER TABLE `piecejointes`
  ADD PRIMARY KEY (`id`);

--
-- Index pour la table `projets`
--
ALTER TABLE `projets`
  ADD PRIMARY KEY (`id`),
  ADD KEY `projets_user_id_foreign` (`user_id`);

--
-- Index pour la table `users`
--
ALTER TABLE `users`
  ADD PRIMARY KEY (`id`),
  ADD UNIQUE KEY `users_email_unique` (`email`),
  ADD UNIQUE KEY `users_pseudo_unique` (`pseudo`);

--
-- AUTO_INCREMENT pour les tables déchargées
--

--
-- AUTO_INCREMENT pour la table `agents`
--
ALTER TABLE `agents`
  MODIFY `id` bigint(20) UNSIGNED NOT NULL AUTO_INCREMENT, AUTO_INCREMENT=228;

--
-- AUTO_INCREMENT pour la table `conges`
--
ALTER TABLE `conges`
  MODIFY `id` bigint(20) UNSIGNED NOT NULL AUTO_INCREMENT, AUTO_INCREMENT=145;

--
-- AUTO_INCREMENT pour la table `failed_jobs`
--
ALTER TABLE `failed_jobs`
  MODIFY `id` bigint(20) UNSIGNED NOT NULL AUTO_INCREMENT;

--
-- AUTO_INCREMENT pour la table `migrations`
--
ALTER TABLE `migrations`
  MODIFY `id` int(10) UNSIGNED NOT NULL AUTO_INCREMENT, AUTO_INCREMENT=8;

--
-- AUTO_INCREMENT pour la table `personal_access_tokens`
--
ALTER TABLE `personal_access_tokens`
  MODIFY `id` bigint(20) UNSIGNED NOT NULL AUTO_INCREMENT;

--
-- AUTO_INCREMENT pour la table `piecejointes`
--
ALTER TABLE `piecejointes`
  MODIFY `id` int(11) NOT NULL AUTO_INCREMENT, AUTO_INCREMENT=5;

--
-- AUTO_INCREMENT pour la table `projets`
--
ALTER TABLE `projets`
  MODIFY `id` bigint(20) UNSIGNED NOT NULL AUTO_INCREMENT, AUTO_INCREMENT=23;

--
-- AUTO_INCREMENT pour la table `users`
--
ALTER TABLE `users`
  MODIFY `id` bigint(20) UNSIGNED NOT NULL AUTO_INCREMENT, AUTO_INCREMENT=229;
COMMIT;

/*!40101 SET CHARACTER_SET_CLIENT=@OLD_CHARACTER_SET_CLIENT */;
/*!40101 SET CHARACTER_SET_RESULTS=@OLD_CHARACTER_SET_RESULTS */;
/*!40101 SET COLLATION_CONNECTION=@OLD_COLLATION_CONNECTION */;
